adduser	3.137ubuntu1	all
adwaita-icon-theme	46.0-1	all
alsa-topology-conf	1.2.5.1-2	all
alsa-ucm-conf	1.2.10-1ubuntu5.14	all
apt	2.8.3	arm64
at-spi2-common	2.52.0-1build1	all
at-spi2-core	2.52.0-1build1	arm64
autoconf	2.71-3	all
automake	1:1.16.5-1.3ubuntu1	all
autotools-dev	20220109.1	all
avahi-daemon	0.8-13ubuntu6.2	arm64
base-files	13ubuntu10.4	arm64
base-passwd	3.6.3build1	arm64
bash	5.2.21-2ubuntu4	arm64
binutils	2.42-4ubuntu2.10	arm64
binutils-aarch64-linux-gnu	2.42-4ubuntu2.10	arm64
binutils-common	2.42-4ubuntu2.10	arm64
blt	2.5.3+dfsg-7build1	arm64
bsdutils	1:2.39.3-9ubuntu6.6	arm64
build-essential	12.10ubuntu1	arm64
bzip2	1.0.8-5.1ubuntu0.1	arm64
bzip2-doc	1.0.8-5.1ubuntu0.1	all
ca-certificates	20260601~24.04.1	all
catch2	3.4.0-1build1	arm64
cmake	3.28.3-1build7	arm64
cmake-data	3.28.3-1build7	all
comerr-dev	2.1-1.47.0-2.4~exp1ubuntu4.1	arm64
coreutils	9.4-3ubuntu6.3	arm64
cpp	4:13.2.0-7ubuntu1	arm64
cpp-13	13.3.0-6ubuntu2~24.04.1	arm64
cpp-13-aarch64-linux-gnu	13.3.0-6ubuntu2~24.04.1	arm64
cpp-aarch64-linux-gnu	4:13.2.0-7ubuntu1	arm64
cppcheck	2.13.0-2ubuntu3	arm64
cppzmq-dev	4.10.0-1build1	arm64
curl	8.5.0-2ubuntu10.13	arm64
dash	0.5.12-6ubuntu5	arm64
dbus	1.14.10-4ubuntu4.1	arm64
dbus-bin	1.14.10-4ubuntu4.1	arm64
dbus-daemon	1.14.10-4ubuntu4.1	arm64
dbus-session-bus-common	1.14.10-4ubuntu4.1	all
dbus-system-bus-common	1.14.10-4ubuntu4.1	all
dbus-user-session	1.14.10-4ubuntu4.1	arm64
dconf-gsettings-backend	0.40.0-4ubuntu0.1	arm64
dconf-service	0.40.0-4ubuntu0.1	arm64
debconf	1.5.86ubuntu1	all
debianutils	5.17build1	arm64
default-libmysqlclient-dev	1.1.0build1	arm64
diffutils	1:3.10-1ubuntu0.1	arm64
dirmngr	2.4.4-2ubuntu17.6	arm64
dmsetup	2:1.02.185-3ubuntu3.2	arm64
docutils-common	0.20.1+dfsg-3	all
dpkg	1.22.6ubuntu6.6	arm64
dpkg-dev	1.22.6ubuntu6.6	all
e2fsprogs	1.47.0-2.4~exp1ubuntu4.1	arm64
file	1:5.45-3build1	arm64
findutils	4.9.0-5build1	arm64
fontconfig	2.15.0-1.1ubuntu2	arm64
fontconfig-config	2.15.0-1.1ubuntu2	arm64
fonts-dejavu-core	2.37-8	all
fonts-dejavu-mono	2.37-8	all
fonts-droid-fallback	1:6.0.1r16-1.1build1	all
fonts-lato	2.015-1	all
fonts-lyx	2.4.0~RC3-1build4	all
fonts-noto-mono	20201225-2	all
fonts-open-sans	1.11-2	all
fonts-urw-base35	20200910-8	all
freeglut3-dev	3.4.0-1build1	arm64
g++	4:13.2.0-7ubuntu1	arm64
g++-13	13.3.0-6ubuntu2~24.04.1	arm64
g++-13-aarch64-linux-gnu	13.3.0-6ubuntu2~24.04.1	arm64
g++-aarch64-linux-gnu	4:13.2.0-7ubuntu1	arm64
gcc	4:13.2.0-7ubuntu1	arm64
gcc-13	13.3.0-6ubuntu2~24.04.1	arm64
gcc-13-aarch64-linux-gnu	13.3.0-6ubuntu2~24.04.1	arm64
gcc-13-base	13.3.0-6ubuntu2~24.04.1	arm64
gcc-14-base	14.2.0-4ubuntu2~24.04.1	arm64
gcc-aarch64-linux-gnu	4:13.2.0-7ubuntu1	arm64
gdal-data	3.8.4+dfsg-3ubuntu3	all
gdal-plugins	3.8.4+dfsg-3ubuntu3	arm64
geoclue-2.0	2.7.0-3ubuntu7	arm64
gfortran	4:13.2.0-7ubuntu1	arm64
gfortran-13	13.3.0-6ubuntu2~24.04.1	arm64
gfortran-13-aarch64-linux-gnu	13.3.0-6ubuntu2~24.04.1	arm64
gfortran-aarch64-linux-gnu	4:13.2.0-7ubuntu1	arm64
ghostscript	10.02.1~dfsg1-0ubuntu7.8	arm64
gir1.2-girepository-2.0	1.80.1-1	arm64
gir1.2-glib-2.0	2.80.0-6ubuntu3.8	arm64
gir1.2-ibus-1.0	1.5.29-2	arm64
git	1:2.43.0-1ubuntu7.3	arm64
git-man	1:2.43.0-1ubuntu7.3	all
glib-networking	2.80.0-1build1	arm64
glib-networking-common	2.80.0-1build1	all
glib-networking-services	2.80.0-1build1	arm64
glslang-dev	15.1.0-2~ubuntu0.24.04.2	arm64
glslc	2023.8-1build1	arm64
gnupg	2.4.4-2ubuntu17.6	all
gnupg-utils	2.4.4-2ubuntu17.6	arm64
gnupg2	2.4.4-2ubuntu17.6	all
google-mock	1.14.0-1	arm64
googletest	1.14.0-1	all
gpg	2.4.4-2ubuntu17.6	arm64
gpg-agent	2.4.4-2ubuntu17.6	arm64
gpgconf	2.4.4-2ubuntu17.6	arm64
gpgsm	2.4.4-2ubuntu17.6	arm64
gpgv	2.4.4-2ubuntu17.6	arm64
graphicsmagick-libmagick-dev-compat	1.4+really1.3.42-1.1build3	all
graphviz	2.42.2-9ubuntu0.1	arm64
grep	3.11-4build1	arm64
gsettings-desktop-schemas	46.1-0ubuntu1	all
gstreamer1.0-plugins-base	1.24.2-1ubuntu0.4	arm64
gtk-update-icon-cache	3.24.41-4ubuntu1.3	arm64
gzip	1.12-1ubuntu3.2	arm64
hdf5-helpers	1.10.10+repack-3.1ubuntu4	arm64
hicolor-icon-theme	0.17-2	all
hostname	3.23+nmu2ubuntu2	arm64
humanity-icon-theme	0.6.16	all
ibverbs-providers	50.0-2ubuntu0.2	arm64
icu-devtools	74.2-1ubuntu3.1	arm64
iio-sensor-proxy	3.5-1build2	arm64
init-system-helpers	1.66ubuntu1	all
iso-codes	4.16.0-1	all
isympy-common	1.12-7	all
isympy3	1.12-7	all
javascript-common	11+nmu1	all
keyboxd	2.4.4-2ubuntu17.6	arm64
krb5-multidev	1.20.1-6ubuntu2.8	arm64
libaacs0	0.11.1-2build1	arm64
libacl1	2.3.2-1build1.1	arm64
libaec-dev	1.1.2-1build1	arm64
libaec0	1.1.2-1build1	arm64
libamd3	1:7.6.1+dfsg-1build1	arm64
libann0	1.1.2+doc-9build1	arm64
libaom-dev	3.8.2-2ubuntu0.1	arm64
libaom3	3.8.2-2ubuntu0.1	arm64
libapparmor1	4.0.1really4.0.1-0ubuntu0.24.04.7	arm64
libapt-pkg6.0t64	2.8.3	arm64
libarchive13t64	3.7.2-2ubuntu0.8	arm64
libargon2-1	0~20190702+dfsg-4build1	arm64
libarmadillo-dev	1:12.6.7+dfsg-1build2	arm64
libarmadillo12	1:12.6.7+dfsg-1build2	arm64
libarpack2-dev	3.9.1-1.1build2	arm64
libarpack2t64	3.9.1-1.1build2	arm64
libasan8	14.2.0-4ubuntu2~24.04.1	arm64
libasound2-data	1.2.11-1ubuntu0.3	all
libasound2-dev	1.2.11-1ubuntu0.3	arm64
libasound2t64	1.2.11-1ubuntu0.3	arm64
libass9	1:0.17.1-2build1	arm64
libassimp-dev	5.3.1+ds-2build1	arm64
libassimp5	5.3.1+ds-2build1	arm64
libassuan0	2.5.6-1build1	arm64
libasyncns0	0.8-6build4	arm64
libatk-bridge2.0-0t64	2.52.0-1build1	arm64
libatk1.0-0t64	2.52.0-1build1	arm64
libatomic1	14.2.0-4ubuntu2~24.04.1	arm64
libatspi2.0-0t64	2.52.0-1build1	arm64
libattr1	1:2.5.2-1ubuntu0.1	arm64
libaudit-common	1:3.1.2-2.1build1.1	all
libaudit1	1:3.1.2-2.1build1.1	arm64
libavahi-client3	0.8-13ubuntu6.2	arm64
libavahi-common-data	0.8-13ubuntu6.2	arm64
libavahi-common3	0.8-13ubuntu6.2	arm64
libavahi-core7	0.8-13ubuntu6.2	arm64
libavahi-glib1	0.8-13ubuntu6.2	arm64
libavc1394-0	0.5.4-5build3	arm64
libavcodec-dev	7:6.1.1-3ubuntu5	arm64
libavcodec60	7:6.1.1-3ubuntu5	arm64
libavdevice-dev	7:6.1.1-3ubuntu5	arm64
libavdevice60	7:6.1.1-3ubuntu5	arm64
libavfilter-dev	7:6.1.1-3ubuntu5	arm64
libavfilter9	7:6.1.1-3ubuntu5	arm64
libavformat-dev	7:6.1.1-3ubuntu5	arm64
libavformat60	7:6.1.1-3ubuntu5	arm64
libavutil-dev	7:6.1.1-3ubuntu5	arm64
libavutil58	7:6.1.1-3ubuntu5	arm64
libbdplus0	0.2.0-3build1	arm64
libbenchmark-dev	1.8.3-3	arm64
libbenchmark1.8.3	1.8.3-3	arm64
libbinutils	2.42-4ubuntu2.10	arm64
libblas-dev	3.12.0-3build1.1	arm64
libblas3	3.12.0-3build1.1	arm64
libblkid-dev	2.39.3-9ubuntu6.6	arm64
libblkid1	2.39.3-9ubuntu6.6	arm64
libblosc-dev	1.21.5+ds-1build1	arm64
libblosc1	1.21.5+ds-1build1	arm64
libbluray2	1:1.3.4-1build1	arm64
libboost-all-dev	1.83.0.1ubuntu2	arm64
libboost-atomic-dev	1.83.0.1ubuntu2	arm64
libboost-atomic1.83-dev	1.83.0-2.1ubuntu3.2	arm64
libboost-atomic1.83.0	1.83.0-2.1ubuntu3.2	arm64
libboost-chrono-dev	1.83.0.1ubuntu2	arm64
libboost-chrono1.83-dev	1.83.0-2.1ubuntu3.2	arm64
libboost-chrono1.83.0t64	1.83.0-2.1ubuntu3.2	arm64
libboost-container-dev	1.83.0.1ubuntu2	arm64
libboost-container1.83-dev	1.83.0-2.1ubuntu3.2	arm64
libboost-container1.83.0	1.83.0-2.1ubuntu3.2	arm64
libboost-context-dev	1.83.0.1ubuntu2	arm64
libboost-context1.83-dev	1.83.0-2.1ubuntu3.2	arm64
libboost-context1.83.0	1.83.0-2.1ubuntu3.2	arm64
libboost-coroutine-dev	1.83.0.1ubuntu2	arm64
libboost-coroutine1.83-dev	1.83.0-2.1ubuntu3.2	arm64
libboost-coroutine1.83.0	1.83.0-2.1ubuntu3.2	arm64
libboost-date-time-dev	1.83.0.1ubuntu2	arm64
libboost-date-time1.83-dev	1.83.0-2.1ubuntu3.2	arm64
libboost-date-time1.83.0	1.83.0-2.1ubuntu3.2	arm64
libboost-dev	1.83.0.1ubuntu2	arm64
libboost-exception-dev	1.83.0.1ubuntu2	arm64
libboost-exception1.83-dev	1.83.0-2.1ubuntu3.2	arm64
libboost-fiber-dev	1.83.0.1ubuntu2	arm64
libboost-fiber1.83-dev	1.83.0-2.1ubuntu3.2	arm64
libboost-fiber1.83.0	1.83.0-2.1ubuntu3.2	arm64
libboost-filesystem-dev	1.83.0.1ubuntu2	arm64
libboost-filesystem1.83-dev	1.83.0-2.1ubuntu3.2	arm64
libboost-filesystem1.83.0	1.83.0-2.1ubuntu3.2	arm64
libboost-graph-dev	1.83.0.1ubuntu2	arm64
libboost-graph-parallel-dev	1.83.0.1ubuntu2	arm64
libboost-graph-parallel1.83-dev	1.83.0-2.1ubuntu3.2	arm64
libboost-graph-parallel1.83.0	1.83.0-2.1ubuntu3.2	arm64
libboost-graph1.83-dev	1.83.0-2.1ubuntu3.2	arm64
libboost-graph1.83.0	1.83.0-2.1ubuntu3.2	arm64
libboost-iostreams-dev	1.83.0.1ubuntu2	arm64
libboost-iostreams1.83-dev	1.83.0-2.1ubuntu3.2	arm64
libboost-iostreams1.83.0	1.83.0-2.1ubuntu3.2	arm64
libboost-json-dev	1.83.0.1ubuntu2	arm64
libboost-json1.83-dev	1.83.0-2.1ubuntu3.2	arm64
libboost-json1.83.0	1.83.0-2.1ubuntu3.2	arm64
libboost-locale-dev	1.83.0.1ubuntu2	arm64
libboost-locale1.83-dev	1.83.0-2.1ubuntu3.2	arm64
libboost-locale1.83.0	1.83.0-2.1ubuntu3.2	arm64
libboost-log-dev	1.83.0.1ubuntu2	arm64
libboost-log1.83-dev	1.83.0-2.1ubuntu3.2	arm64
libboost-log1.83.0	1.83.0-2.1ubuntu3.2	arm64
libboost-math-dev	1.83.0.1ubuntu2	arm64
libboost-math1.83-dev	1.83.0-2.1ubuntu3.2	arm64
libboost-math1.83.0	1.83.0-2.1ubuntu3.2	arm64
libboost-mpi-dev	1.83.0.1ubuntu2	arm64
libboost-mpi-python-dev	1.83.0.1ubuntu2	arm64
libboost-mpi-python1.83-dev	1.83.0-2.1ubuntu3.2	arm64
libboost-mpi-python1.83.0	1.83.0-2.1ubuntu3.2	arm64
libboost-mpi1.83-dev	1.83.0-2.1ubuntu3.2	arm64
libboost-mpi1.83.0	1.83.0-2.1ubuntu3.2	arm64
libboost-nowide-dev	1.83.0.1ubuntu2	arm64
libboost-nowide1.83-dev	1.83.0-2.1ubuntu3.2	arm64
libboost-nowide1.83.0	1.83.0-2.1ubuntu3.2	arm64
libboost-numpy-dev	1.83.0.1ubuntu2	arm64
libboost-numpy1.83-dev	1.83.0-2.1ubuntu3.2	arm64
libboost-numpy1.83.0	1.83.0-2.1ubuntu3.2	arm64
libboost-program-options-dev	1.83.0.1ubuntu2	arm64
libboost-program-options1.83-dev	1.83.0-2.1ubuntu3.2	arm64
libboost-program-options1.83.0	1.83.0-2.1ubuntu3.2	arm64
libboost-python-dev	1.83.0.1ubuntu2	arm64
libboost-python1.83-dev	1.83.0-2.1ubuntu3.2	arm64
libboost-python1.83.0	1.83.0-2.1ubuntu3.2	arm64
libboost-random-dev	1.83.0.1ubuntu2	arm64
libboost-random1.83-dev	1.83.0-2.1ubuntu3.2	arm64
libboost-random1.83.0	1.83.0-2.1ubuntu3.2	arm64
libboost-regex-dev	1.83.0.1ubuntu2	arm64
libboost-regex1.83-dev	1.83.0-2.1ubuntu3.2	arm64
libboost-regex1.83.0	1.83.0-2.1ubuntu3.2	arm64
libboost-serialization-dev	1.83.0.1ubuntu2	arm64
libboost-serialization1.83-dev	1.83.0-2.1ubuntu3.2	arm64
libboost-serialization1.83.0	1.83.0-2.1ubuntu3.2	arm64
libboost-stacktrace-dev	1.83.0.1ubuntu2	arm64
libboost-stacktrace1.83-dev	1.83.0-2.1ubuntu3.2	arm64
libboost-stacktrace1.83.0	1.83.0-2.1ubuntu3.2	arm64
libboost-system-dev	1.83.0.1ubuntu2	arm64
libboost-system1.83-dev	1.83.0-2.1ubuntu3.2	arm64
libboost-system1.83.0	1.83.0-2.1ubuntu3.2	arm64
libboost-test-dev	1.83.0.1ubuntu2	arm64
libboost-test1.83-dev	1.83.0-2.1ubuntu3.2	arm64
libboost-test1.83.0	1.83.0-2.1ubuntu3.2	arm64
libboost-thread-dev	1.83.0.1ubuntu2	arm64
libboost-thread1.83-dev	1.83.0-2.1ubuntu3.2	arm64
libboost-thread1.83.0	1.83.0-2.1ubuntu3.2	arm64
libboost-timer-dev	1.83.0.1ubuntu2	arm64
libboost-timer1.83-dev	1.83.0-2.1ubuntu3.2	arm64
libboost-timer1.83.0	1.83.0-2.1ubuntu3.2	arm64
libboost-tools-dev	1.83.0.1ubuntu2	arm64
libboost-type-erasure-dev	1.83.0.1ubuntu2	arm64
libboost-type-erasure1.83-dev	1.83.0-2.1ubuntu3.2	arm64
libboost-type-erasure1.83.0	1.83.0-2.1ubuntu3.2	arm64
libboost-url-dev	1.83.0.1ubuntu2	arm64
libboost-url1.83-dev	1.83.0-2.1ubuntu3.2	arm64
libboost-url1.83.0	1.83.0-2.1ubuntu3.2	arm64
libboost-wave-dev	1.83.0.1ubuntu2	arm64
libboost-wave1.83-dev	1.83.0-2.1ubuntu3.2	arm64
libboost-wave1.83.0	1.83.0-2.1ubuntu3.2	arm64
libboost1.83-dev	1.83.0-2.1ubuntu3.2	arm64
libboost1.83-tools-dev	1.83.0-2.1ubuntu3.2	arm64
libbrotli-dev	1.1.0-2build2	arm64
libbrotli1	1.1.0-2build2	arm64
libbs2b0	3.1.0+dfsg-7build1	arm64
libbsd-dev	0.12.1-1build1.1	arm64
libbsd0	0.12.1-1build1.1	arm64
libbtf2	1:7.6.1+dfsg-1build1	arm64
libbullet-dev	3.24+dfsg-2.1build1	arm64
libbullet3.24t64	3.24+dfsg-2.1build1	arm64
libbz2-1.0	1.0.8-5.1ubuntu0.1	arm64
libbz2-dev	1.0.8-5.1ubuntu0.1	arm64
libc-bin	2.39-0ubuntu8.8	arm64
libc-dev-bin	2.39-0ubuntu8.8	arm64
libc6	2.39-0ubuntu8.8	arm64
libc6-dev	2.39-0ubuntu8.8	arm64
libcaca0	0.99.beta20-4ubuntu0.2	arm64
libcaf-openmpi-3t64	2.10.2+ds-2.1build2	arm64
libcairo-gobject2	1.18.0-3build1	arm64
libcairo2	1.18.0-3build1	arm64
libcamd3	1:7.6.1+dfsg-1build1	arm64
libcap-dev	1:2.66-5ubuntu2.4	arm64
libcap-ng0	0.8.4-2build2	arm64
libcap2	1:2.66-5ubuntu2.4	arm64
libcap2-bin	1:2.66-5ubuntu2.4	arm64
libcbor0.10	0.10.2-1.2ubuntu2	arm64
libcc1-0	14.2.0-4ubuntu2~24.04.1	arm64
libccd-dev	2.1-2	arm64
libccd2	2.1-2	arm64
libccolamd3	1:7.6.1+dfsg-1build1	arm64
libcdio-cdda2t64	10.2+2.0.1-1.1build2	arm64
libcdio-paranoia2t64	10.2+2.0.1-1.1build2	arm64
libcdio19t64	2.1.0-4.1ubuntu1.2	arm64
libcdparanoia0	3.10.2+debian-14build3	arm64
libcdt5	2.42.2-9ubuntu0.1	arm64
libceres-dev	2.2.0+dfsg-4.1ubuntu2	arm64
libceres4t64	2.2.0+dfsg-4.1ubuntu2	arm64
libcfitsio-dev	4.3.1-1.1build2	arm64
libcfitsio-doc	4.3.1-1.1build2	all
libcfitsio10t64	4.3.1-1.1build2	arm64
libcgraph6	2.42.2-9ubuntu0.1	arm64
libcharls2	2.4.2-2build2	arm64
libcholmod5	1:7.6.1+dfsg-1build1	arm64
libchromaprint1	1.5.1-5	arm64
libcjson1	1.7.17-1	arm64
libclang1-18	1:18.1.3-1ubuntu1	arm64
libcli11-dev	2.4.1+ds-1	all
libcoarrays-dev	2.10.2+ds-2.1build2	arm64
libcoarrays-openmpi-dev	2.10.2+ds-2.1build2	arm64
libcodec2-1.2	1.2.0-2build1	arm64
libcolamd3	1:7.6.1+dfsg-1build1	arm64
libcolord2	1.4.7-1build2	arm64
libcom-err2	1.47.0-2.4~exp1ubuntu4.1	arm64
libconsole-bridge-dev	1.0.1+dfsg2-3build1	arm64
libconsole-bridge1.0	1.0.1+dfsg2-3build1	arm64
libcrypt-dev	1:4.4.36-4build1	arm64
libcrypt1	1:4.4.36-4build1	arm64
libcryptsetup12	2:2.7.0-1ubuntu4.2	arm64
libctf-nobfd0	2.42-4ubuntu2.10	arm64
libctf0	2.42-4ubuntu2.10	arm64
libcups2t64	2.4.7-1.2ubuntu7.14	arm64
libcurl3t64-gnutls	8.5.0-2ubuntu10.13	arm64
libcurl4-openssl-dev	8.5.0-2ubuntu10.13	arm64
libcurl4t64	8.5.0-2ubuntu10.13	arm64
libcxsparse4	1:7.6.1+dfsg-1build1	arm64
libdaemon0	0.14-7.1ubuntu4	arm64
libdatrie1	0.2.13-3build1	arm64
libdav1d-dev	1.4.1-1build1	arm64
libdav1d7	1.4.1-1build1	arm64
libdb5.3t64	5.3.28+dfsg2-7	arm64
libdbus-1-3	1.14.10-4ubuntu4.1	arm64
libdbus-1-dev	1.14.10-4ubuntu4.1	arm64
libdc1394-25	2.2.6-4build1	arm64
libdc1394-dev	2.2.6-4build1	arm64
libdconf1	0.40.0-4ubuntu0.1	arm64
libde265-0	1.0.15-1ubuntu0.1	arm64
libde265-dev	1.0.15-1ubuntu0.1	arm64
libdebconfclient0	0.271ubuntu3	arm64
libdecor-0-0	0.2.2-1build2	arm64
libdecor-0-dev	0.2.2-1build2	arm64
libdecor-0-plugin-1-gtk	0.2.2-1build2	arm64
libdeflate-dev	1.19-1build1.1	arm64
libdeflate0	1.19-1build1.1	arm64
libdevmapper1.02.1	2:1.02.185-3ubuntu3.2	arm64
libdouble-conversion3	3.3.0-1build1	arm64
libdpkg-perl	1.22.6ubuntu6.6	all
libdraco8	1.5.6+dfsg-3build1	arm64
libdrm-amdgpu1	2.4.125-1ubuntu0.1~24.04.2	arm64
libdrm-common	2.4.125-1ubuntu0.1~24.04.2	all
libdrm-dev	2.4.125-1ubuntu0.1~24.04.2	arm64
libdrm-etnaviv1	2.4.125-1ubuntu0.1~24.04.2	arm64
libdrm-freedreno1	2.4.125-1ubuntu0.1~24.04.2	arm64
libdrm-nouveau2	2.4.125-1ubuntu0.1~24.04.2	arm64
libdrm-radeon1	2.4.125-1ubuntu0.1~24.04.2	arm64
libdrm-tegra0	2.4.125-1ubuntu0.1~24.04.2	arm64
libdrm2	2.4.125-1ubuntu0.1~24.04.2	arm64
libduktape207	2.7.0+tests-0ubuntu3	arm64
libdw-dev	0.190-1.1ubuntu0.1	arm64
libdw1t64	0.190-1.1ubuntu0.1	arm64
libedit2	3.1-20230828-1build1	arm64
libegl-dev	1.7.0-1build1	arm64
libegl-mesa0	25.2.8-0ubuntu0.24.04.2	arm64
libegl1	1.7.0-1build1	arm64
libeigen3-dev	3.4.0-4build0.1	all
libelf-dev	0.190-1.1ubuntu0.1	arm64
libelf1t64	0.190-1.1ubuntu0.1	arm64
libepoxy0	1.5.10-1build1	arm64
liberror-perl	0.17029-2	all
libevdev2	1.13.1+dfsg-1build1	arm64
libevent-2.1-7t64	2.1.12-stable-9ubuntu2.1	arm64
libevent-core-2.1-7t64	2.1.12-stable-9ubuntu2.1	arm64
libevent-dev	2.1.12-stable-9ubuntu2.1	arm64
libevent-extra-2.1-7t64	2.1.12-stable-9ubuntu2.1	arm64
libevent-openssl-2.1-7t64	2.1.12-stable-9ubuntu2.1	arm64
libevent-pthreads-2.1-7t64	2.1.12-stable-9ubuntu2.1	arm64
libexif-dev	0.6.24-1ubuntu0.24.04.1	arm64
libexif-doc	0.6.24-1ubuntu0.24.04.1	all
libexif12	0.6.24-1ubuntu0.24.04.1	arm64
libexpat1	2.6.1-2ubuntu0.4	arm64
libexpat1-dev	2.6.1-2ubuntu0.4	arm64
libexpected-dev	1.1.0-2	all
libext2fs2t64	1.47.0-2.4~exp1ubuntu4.1	arm64
libfabric1	1.17.0-3build2	arm64
libfcl-dev	0.7.0-3build2	arm64
libfcl0.7	0.7.0-3build2	arm64
libfdisk1	2.39.3-9ubuntu6.6	arm64
libffi-dev	3.4.6-1build1	arm64
libffi8	3.4.6-1build1	arm64
libfftw3-double3	3.3.10-1ubuntu3	arm64
libfido2-1	1.14.0-1build3	arm64
libflac12t64	1.4.3+ds-2.1ubuntu2	arm64
libflann-dev	1.9.2+dfsg-2build1	arm64
libflann1.9	1.9.2+dfsg-2build1	arm64
libflite1	2.2-6build3	arm64
libfmt-dev	9.1.0+ds1-2	arm64
libfmt9	9.1.0+ds1-2	arm64
libfontconfig1	2.15.0-1.1ubuntu2	arm64
libfontenc1	1:1.1.8-1build1	arm64
libfreeimage-dev	3.18.0+ds2-10build4	arm64
libfreeimage3	3.18.0+ds2-10build4	arm64
libfreetype-dev	2.13.2+dfsg-1ubuntu0.1	arm64
libfreetype6	2.13.2+dfsg-1ubuntu0.1	arm64
libfreexl-dev	2.0.0-1build2	arm64
libfreexl1	2.0.0-1build2	arm64
libfribidi0	1.0.13-3build1	arm64
libfyba-dev	4.1.1-11build1	arm64
libfyba0t64	4.1.1-11build1	arm64
libgbm-dev	25.2.8-0ubuntu0.24.04.2	arm64
libgbm1	25.2.8-0ubuntu0.24.04.2	arm64
libgcc-13-dev	13.3.0-6ubuntu2~24.04.1	arm64
libgcc-s1	14.2.0-4ubuntu2~24.04.1	arm64
libgcrypt20	1.10.3-2ubuntu0.2	arm64
libgd3	2.3.3-9ubuntu5	arm64
libgdal-dev	3.8.4+dfsg-3ubuntu3	arm64
libgdal34t64	3.8.4+dfsg-3ubuntu3	arm64
libgdbm-compat4t64	1.23-5.1build1	arm64
libgdbm6t64	1.23-5.1build1	arm64
libgdcm-dev	3.0.22-2.1ubuntu1	arm64
libgdcm3.0t64	3.0.22-2.1ubuntu1	arm64
libgdk-pixbuf-2.0-0	2.42.10+dfsg-3ubuntu3.3	arm64
libgdk-pixbuf2.0-bin	2.42.10+dfsg-3ubuntu3.3	arm64
libgdk-pixbuf2.0-common	2.42.10+dfsg-3ubuntu3.3	all
libgeographiclib-dev	2.3-1build1	arm64
libgeographiclib26	2.3-1build1	arm64
libgeos-c1t64	3.12.1-3build1	arm64
libgeos-dev	3.12.1-3build1	arm64
libgeos3.12.1t64	3.12.1-3build1	arm64
libgeotiff-dev	1.7.1-5build1	arm64
libgeotiff5	1.7.1-5build1	arm64
libgflags-dev	2.2.2-2build1	arm64
libgflags2.2	2.2.2-2build1	arm64
libgfortran-13-dev	13.3.0-6ubuntu2~24.04.1	arm64
libgfortran5	14.2.0-4ubuntu2~24.04.1	arm64
libgif-dev	5.2.2-1ubuntu1.2	arm64
libgif7	5.2.2-1ubuntu1.2	arm64
libgirepository-1.0-1	1.80.1-1	arm64
libgirepository-2.0-0	2.80.0-6ubuntu3.8	arm64
libgl-dev	1.7.0-1build1	arm64
libgl1	1.7.0-1build1	arm64
libgl1-mesa-dev	25.2.8-0ubuntu0.24.04.2	arm64
libgl1-mesa-dri	25.2.8-0ubuntu0.24.04.2	arm64
libgl2ps1.4	1.4.2+dfsg1-2build1	arm64
libgles-dev	1.7.0-1build1	arm64
libgles1	1.7.0-1build1	arm64
libgles2	1.7.0-1build1	arm64
libglew-dev	2.2.0-4build1	arm64
libglew2.2	2.2.0-4build1	arm64
libglib2.0-0t64	2.80.0-6ubuntu3.8	arm64
libglib2.0-bin	2.80.0-6ubuntu3.8	arm64
libglib2.0-data	2.80.0-6ubuntu3.8	all
libglib2.0-dev	2.80.0-6ubuntu3.8	arm64
libglib2.0-dev-bin	2.80.0-6ubuntu3.8	arm64
libglu1-mesa	9.0.2-1.1build1	arm64
libglu1-mesa-dev	9.0.2-1.1build1	arm64
libglut-dev	3.4.0-1build1	arm64
libglut3.12	3.4.0-1build1	arm64
libglvnd-core-dev	1.7.0-1build1	arm64
libglvnd-dev	1.7.0-1build1	arm64
libglvnd0	1.7.0-1build1	arm64
libglx-dev	1.7.0-1build1	arm64
libglx-mesa0	25.2.8-0ubuntu0.24.04.2	arm64
libglx0	1.7.0-1build1	arm64
libgme0	0.6.3-7build1	arm64
libgmp10	2:6.3.0+dfsg-2ubuntu6.1	arm64
libgnutls30t64	3.8.3-1.1ubuntu3.6	arm64
libgomp1	14.2.0-4ubuntu2~24.04.1	arm64
libgoogle-glog-dev	0.6.0-2.1build1	arm64
libgoogle-glog0v6t64	0.6.0-2.1build1	arm64
libgpg-error0	1.47-3build2.1	arm64
libgphoto2-6t64	2.5.31-2.1ubuntu1.1	arm64
libgphoto2-dev	2.5.31-2.1ubuntu1.1	arm64
libgphoto2-l10n	2.5.31-2.1ubuntu1.1	all
libgphoto2-port12t64	2.5.31-2.1ubuntu1.1	arm64
libgpm2	1.20.7-11	arm64
libgprofng0	2.42-4ubuntu2.10	arm64
libgraphblas-dev	7.4.0+dfsg-1build1	arm64
libgraphblas7	7.4.0+dfsg-1build1	arm64
libgraphics-magick-perl	1.4+really1.3.42-1.1build3	arm64
libgraphicsmagick++-q16-12t64	1.4+really1.3.42-1.1build3	arm64
libgraphicsmagick++1-dev	1.4+really1.3.42-1.1build3	arm64
libgraphicsmagick-q16-3t64	1.4+really1.3.42-1.1build3	arm64
libgraphicsmagick1-dev	1.4+really1.3.42-1.1build3	arm64
libgraphite2-3	1.3.14-2ubuntu0.24.04.1	arm64
libgs-common	10.02.1~dfsg1-0ubuntu7.8	all
libgs10	10.02.1~dfsg1-0ubuntu7.8	arm64
libgs10-common	10.02.1~dfsg1-0ubuntu7.8	all
libgsm1	1.0.22-1build1	arm64
libgssapi-krb5-2	1.20.1-6ubuntu2.8	arm64
libgssrpc4t64	1.20.1-6ubuntu2.8	arm64
libgstreamer-plugins-base1.0-0	1.24.2-1ubuntu0.4	arm64
libgstreamer1.0-0	1.24.2-1ubuntu0.1	arm64
libgtest-dev	1.14.0-1	arm64
libgtk-3-0t64	3.24.41-4ubuntu1.3	arm64
libgtk-3-bin	3.24.41-4ubuntu1.3	arm64
libgtk-3-common	3.24.41-4ubuntu1.3	all
libgts-0.7-5t64	0.7.6+darcs121130-5.2build1	arm64
libgts-dev	0.7.6+darcs121130-5.2build1	arm64
libgudev-1.0-0	1:238-5ubuntu1	arm64
libgvc6	2.42.2-9ubuntu0.1	arm64
libgvpr2	2.42.2-9ubuntu0.1	arm64
libharfbuzz0b	8.3.0-2build2	arm64
libhdf4-0-alt	4.2.16-4build1	arm64
libhdf4-alt-dev	4.2.16-4build1	arm64
libhdf5-103-1t64	1.10.10+repack-3.1ubuntu4	arm64
libhdf5-cpp-103-1t64	1.10.10+repack-3.1ubuntu4	arm64
libhdf5-dev	1.10.10+repack-3.1ubuntu4	arm64
libhdf5-fortran-102t64	1.10.10+repack-3.1ubuntu4	arm64
libhdf5-hl-100t64	1.10.10+repack-3.1ubuntu4	arm64
libhdf5-hl-cpp-100t64	1.10.10+repack-3.1ubuntu4	arm64
libhdf5-hl-fortran-100t64	1.10.10+repack-3.1ubuntu4	arm64
libhdf5-mpi-dev	1.10.10+repack-3.1ubuntu4	arm64
libhdf5-openmpi-103-1t64	1.10.10+repack-3.1ubuntu4	arm64
libhdf5-openmpi-cpp-103-1t64	1.10.10+repack-3.1ubuntu4	arm64
libhdf5-openmpi-dev	1.10.10+repack-3.1ubuntu4	arm64
libhdf5-openmpi-fortran-102t64	1.10.10+repack-3.1ubuntu4	arm64
libhdf5-openmpi-hl-100t64	1.10.10+repack-3.1ubuntu4	arm64
libhdf5-openmpi-hl-cpp-100t64	1.10.10+repack-3.1ubuntu4	arm64
libhdf5-openmpi-hl-fortran-100t64	1.10.10+repack-3.1ubuntu4	arm64
libheif-dev	1.17.6-1ubuntu4.8	arm64
libheif-plugin-aomdec	1.17.6-1ubuntu4.8	arm64
libheif1	1.17.6-1ubuntu4.8	arm64
libhogweed6t64	3.9.1-2.2build1.1	arm64
libhwasan0	14.2.0-4ubuntu2~24.04.1	arm64
libhwloc-dev	2.10.0-1build1	arm64
libhwloc-plugins	2.10.0-1build1	arm64
libhwloc15	2.10.0-1build1	arm64
libhwy-dev	1.0.7-8.1build1	arm64
libhwy1t64	1.0.7-8.1build1	arm64
libibus-1.0-5	1.5.29-2	arm64
libibus-1.0-dev	1.5.29-2	arm64
libibverbs-dev	50.0-2ubuntu0.2	arm64
libibverbs1	50.0-2ubuntu0.2	arm64
libice-dev	2:1.0.10-1build3	arm64
libice6	2:1.0.10-1build3	arm64
libicu-dev	74.2-1ubuntu3.1	arm64
libicu74	74.2-1ubuntu3.1	arm64
libidn12	1.42-1ubuntu0.1	arm64
libidn2-0	2.3.7-2build1.1	arm64
libiec61883-0	1.2.0-6build1	arm64
libijs-0.35	0.35-15.1build1	arm64
libimagequant0	2.18.0-1build1	arm64
libimath-3-1-29t64	3.1.9-3.1ubuntu2	arm64
libimath-dev	3.1.9-3.1ubuntu2	arm64
libinput-bin	1.25.0-1ubuntu3.6	arm64
libinput10	1.25.0-1ubuntu3.6	arm64
libisl23	0.26-3build1.1	arm64
libitm1	14.2.0-4ubuntu2~24.04.1	arm64
libjack-jackd2-0	1.9.21~dfsg-3ubuntu3	arm64
libjansson4	2.14-2build2	arm64
libjbig-dev	2.1-6.1ubuntu2	arm64
libjbig0	2.1-6.1ubuntu2	arm64
libjbig2dec0	0.20-1ubuntu0.24.04.1	arm64
libjpeg-dev	8c-2ubuntu11	arm64
libjpeg-turbo8	2.1.5-2ubuntu2	arm64
libjpeg-turbo8-dev	2.1.5-2ubuntu2	arm64
libjpeg8	8c-2ubuntu11	arm64
libjpeg8-dev	8c-2ubuntu11	arm64
libjs-jquery	3.6.1+dfsg+~3.5.14-1	all
libjs-jquery-ui	1.13.2+dfsg-1	all
libjs-sphinxdoc	7.2.6-6	all
libjs-underscore	1.13.4~dfsg+~1.11.4-3	all
libjson-c-dev	0.17-1build1	arm64
libjson-c5	0.17-1build1	arm64
libjson-glib-1.0-0	1.8.0-2build2	arm64
libjson-glib-1.0-common	1.8.0-2build2	all
libjsoncpp-dev	1.9.5-6build1	arm64
libjsoncpp25	1.9.5-6build1	arm64
libjxl-dev	0.7.0-10.2ubuntu6.1	arm64
libjxl0.7	0.7.0-10.2ubuntu6.1	arm64
libjxr0t64	1.2~git20170615.f752187-5.1ubuntu2	arm64
libk5crypto3	1.20.1-6ubuntu2.8	arm64
libkadm5clnt-mit12	1.20.1-6ubuntu2.8	arm64
libkadm5srv-mit12	1.20.1-6ubuntu2.8	arm64
libkdb5-10t64	1.20.1-6ubuntu2.8	arm64
libkeyutils1	1.6.3-3build1	arm64
libklu2	1:7.6.1+dfsg-1build1	arm64
libkml-dev	1.3.0-12build1	arm64
libkmlbase1t64	1.3.0-12build1	arm64
libkmlconvenience1t64	1.3.0-12build1	arm64
libkmldom1t64	1.3.0-12build1	arm64
libkmlengine1t64	1.3.0-12build1	arm64
libkmlregionator1t64	1.3.0-12build1	arm64
libkmlxsd1t64	1.3.0-12build1	arm64
libkmod2	31+20240202-2ubuntu7.2	arm64
libkrb5-3	1.20.1-6ubuntu2.8	arm64
libkrb5-dev	1.20.1-6ubuntu2.8	arm64
libkrb5support0	1.20.1-6ubuntu2.8	arm64
libksba8	1.6.6-1build1	arm64
liblab-gamut1	2.42.2-9ubuntu0.1	arm64
liblapack-dev	3.12.0-3build1.1	arm64
liblapack3	3.12.0-3build1.1	arm64
liblbfgsb0	3.0+dfsg.4-1build1	arm64
liblcms2-2	2.14-2ubuntu0.1	arm64
liblcms2-dev	2.14-2ubuntu0.1	arm64
libldap2	2.6.10+dfsg-0ubuntu0.24.04.1	arm64
libldl3	1:7.6.1+dfsg-1build1	arm64
liblept5	1.82.0-3build4	arm64
liblerc-dev	4.0.0+ds-4ubuntu2	arm64
liblerc4	4.0.0+ds-4ubuntu2	arm64
liblilv-0-0	0.24.22-1build1	arm64
libllvm18	1:18.1.3-1ubuntu1	arm64
libllvm20	1:20.1.2-0ubuntu1~24.04.3	arm64
liblsan0	14.2.0-4ubuntu2~24.04.1	arm64
libltdl-dev	2.4.7-7build1	arm64
libltdl7	2.4.7-7build1	arm64
liblttng-ctl0t64	2.13.11-2.1build4	arm64
liblttng-ust-common1t64	2.13.7-1.1ubuntu2	arm64
liblttng-ust-ctl5t64	2.13.7-1.1ubuntu2	arm64
liblttng-ust-dev	2.13.7-1.1ubuntu2	arm64
liblttng-ust-python-agent1t64	2.13.7-1.1ubuntu2	arm64
liblttng-ust1t64	2.13.7-1.1ubuntu2	arm64
liblz4-1	1.9.4-1build1.1	arm64
liblz4-dev	1.9.4-1build1.1	arm64
liblzma-dev	5.6.1+really5.4.5-1ubuntu0.3	arm64
liblzma5	5.6.1+really5.4.5-1ubuntu0.3	arm64
libmagic-mgc	1:5.45-3build1	arm64
libmagic1t64	1:5.45-3build1	arm64
libmbedcrypto7t64	2.28.8-1	arm64
libmbim-glib4	1.31.2-0ubuntu3.1	arm64
libmbim-proxy	1.31.2-0ubuntu3.1	arm64
libmbim-utils	1.31.2-0ubuntu3.1	arm64
libmd-dev	1.1.0-2build1.1	arm64
libmd0	1.1.0-2build1.1	arm64
libmd4c0	0.4.8-1build1	arm64
libminizip-dev	1:1.3.dfsg-3.1ubuntu2.2	arm64
libminizip1t64	1:1.3.dfsg-3.1ubuntu2.2	arm64
libmm-glib0	1.23.4-0ubuntu2	arm64
libmount-dev	2.39.3-9ubuntu6.6	arm64
libmount1	2.39.3-9ubuntu6.6	arm64
libmp3lame0	3.100-6build1	arm64
libmpc3	1.3.1-1build1.1	arm64
libmpfr6	4.2.1-1build1.1	arm64
libmpg123-0t64	1.32.5-1ubuntu1.1	arm64
libmtdev1t64	1.1.6-1.1build1	arm64
libmunge2	0.5.15-4ubuntu0.1	arm64
libmysofa1	1.3.2+dfsg-2ubuntu2	arm64
libmysqlclient-dev	8.0.46-0ubuntu0.24.04.4	arm64
libmysqlclient21	8.0.46-0ubuntu0.24.04.4	arm64
libnanoflann-dev	1.5.4+ds-1	all
libncurses6	6.4+20240113-1ubuntu2.2	arm64
libncursesw6	6.4+20240113-1ubuntu2.2	arm64
libnetcdf-dev	1:4.9.2-5ubuntu4	arm64
libnetcdf19t64	1:4.9.2-5ubuntu4	arm64
libnettle8t64	3.9.1-2.2build1.1	arm64
libnghttp2-14	1.59.0-1ubuntu0.4	arm64
libnl-3-200	3.7.0-0.3build1.1	arm64
libnl-3-dev	3.7.0-0.3build1.1	arm64
libnl-genl-3-200	3.7.0-0.3build1.1	arm64
libnl-route-3-200	3.7.0-0.3build1.1	arm64
libnl-route-3-dev	3.7.0-0.3build1.1	arm64
libnorm-dev	1.5.9+dfsg-3.1build1	arm64
libnorm1t64	1.5.9+dfsg-3.1build1	arm64
libnotify4	0.8.3-1build2	arm64
libnpth0t64	1.6-3.1build1	arm64
libnspr4	2:4.35-1.1build1	arm64
libnss-mdns	0.15.1-4build1	arm64
libnss-systemd	255.4-1ubuntu8.17	arm64
libnss3	2:3.98-1ubuntu0.2	arm64
libnuma-dev	2.0.18-1ubuntu0.24.04.1	arm64
libnuma1	2.0.18-1ubuntu0.24.04.1	arm64
liboctomap-dev	1.9.7+dfsg-3.1build3	arm64
liboctomap1.9t64	1.9.7+dfsg-3.1build3	arm64
libodbc2	2.3.12-1ubuntu0.24.04.1	arm64
libodbccr2	2.3.12-1ubuntu0.24.04.1	arm64
libodbcinst2	2.3.12-1ubuntu0.24.04.1	arm64
libode-dev	2:0.16.2-1.1build1	arm64
libode8t64	2:0.16.2-1.1build1	arm64
libogdi-dev	4.1.1+ds-3build1	arm64
libogdi4.1	4.1.1+ds-3build1	arm64
libogg-dev	1.3.5-3build1	arm64
libogg0	1.3.5-3build1	arm64
libogre-1.9-dev	1.9.0+dfsg1-14.1build2	arm64
libogre-1.9.0t64	1.9.0+dfsg1-14.1build2	arm64
libomp-18-dev	1:18.1.3-1ubuntu1	arm64
libomp-dev	1:18.0-59~exp2	arm64
libomp5-18	1:18.1.3-1ubuntu1	arm64
libopenal-data	1:1.23.1-4build1	all
libopenal1	1:1.23.1-4build1	arm64
libopencv-calib3d-dev	4.6.0+dfsg-13.1ubuntu1	arm64
libopencv-calib3d406t64	4.6.0+dfsg-13.1ubuntu1	arm64
libopencv-contrib-dev	4.6.0+dfsg-13.1ubuntu1	arm64
libopencv-contrib406t64	4.6.0+dfsg-13.1ubuntu1	arm64
libopencv-core-dev	4.6.0+dfsg-13.1ubuntu1	arm64
libopencv-core406t64	4.6.0+dfsg-13.1ubuntu1	arm64
libopencv-dev	4.6.0+dfsg-13.1ubuntu1	arm64
libopencv-dnn-dev	4.6.0+dfsg-13.1ubuntu1	arm64
libopencv-dnn406t64	4.6.0+dfsg-13.1ubuntu1	arm64
libopencv-features2d-dev	4.6.0+dfsg-13.1ubuntu1	arm64
libopencv-features2d406t64	4.6.0+dfsg-13.1ubuntu1	arm64
libopencv-flann-dev	4.6.0+dfsg-13.1ubuntu1	arm64
libopencv-flann406t64	4.6.0+dfsg-13.1ubuntu1	arm64
libopencv-highgui-dev	4.6.0+dfsg-13.1ubuntu1	arm64
libopencv-highgui406t64	4.6.0+dfsg-13.1ubuntu1	arm64
libopencv-imgcodecs-dev	4.6.0+dfsg-13.1ubuntu1	arm64
libopencv-imgcodecs406t64	4.6.0+dfsg-13.1ubuntu1	arm64
libopencv-imgproc-dev	4.6.0+dfsg-13.1ubuntu1	arm64
libopencv-imgproc406t64	4.6.0+dfsg-13.1ubuntu1	arm64
libopencv-java	4.6.0+dfsg-13.1ubuntu1	arm64
libopencv-ml-dev	4.6.0+dfsg-13.1ubuntu1	arm64
libopencv-ml406t64	4.6.0+dfsg-13.1ubuntu1	arm64
libopencv-objdetect-dev	4.6.0+dfsg-13.1ubuntu1	arm64
libopencv-objdetect406t64	4.6.0+dfsg-13.1ubuntu1	arm64
libopencv-photo-dev	4.6.0+dfsg-13.1ubuntu1	arm64
libopencv-photo406t64	4.6.0+dfsg-13.1ubuntu1	arm64
libopencv-shape-dev	4.6.0+dfsg-13.1ubuntu1	arm64
libopencv-shape406t64	4.6.0+dfsg-13.1ubuntu1	arm64
libopencv-stitching-dev	4.6.0+dfsg-13.1ubuntu1	arm64
libopencv-stitching406t64	4.6.0+dfsg-13.1ubuntu1	arm64
libopencv-superres-dev	4.6.0+dfsg-13.1ubuntu1	arm64
libopencv-superres406t64	4.6.0+dfsg-13.1ubuntu1	arm64
libopencv-video-dev	4.6.0+dfsg-13.1ubuntu1	arm64
libopencv-video406t64	4.6.0+dfsg-13.1ubuntu1	arm64
libopencv-videoio-dev	4.6.0+dfsg-13.1ubuntu1	arm64
libopencv-videoio406t64	4.6.0+dfsg-13.1ubuntu1	arm64
libopencv-videostab-dev	4.6.0+dfsg-13.1ubuntu1	arm64
libopencv-videostab406t64	4.6.0+dfsg-13.1ubuntu1	arm64
libopencv-viz-dev	4.6.0+dfsg-13.1ubuntu1	arm64
libopencv-viz406t64	4.6.0+dfsg-13.1ubuntu1	arm64
libopencv406-jni	4.6.0+dfsg-13.1ubuntu1	arm64
libopenexr-3-1-30	3.1.5-5.1build3	arm64
libopenexr-dev	3.1.5-5.1build3	arm64
libopengl-dev	1.7.0-1build1	arm64
libopengl0	1.7.0-1build1	arm64
libopenjp2-7	2.5.0-2ubuntu0.5	arm64
libopenjp2-7-dev	2.5.0-2ubuntu0.5	arm64
libopenmpi-dev	4.1.6-7ubuntu2	arm64
libopenmpi3t64	4.1.6-7ubuntu2	arm64
libopenmpt0t64	0.7.3-1.1build3	arm64
libopus0	1.4-1build1	arm64
liborc-0.4-0t64	1:0.4.38-1ubuntu0.1	arm64
liborocos-kdl-dev	1.5.1-4build1	arm64
liborocos-kdl1.5	1.5.1-4build1	arm64
libp11-kit0	0.25.3-4ubuntu2.2	arm64
libpam-cap	1:2.66-5ubuntu2.4	arm64
libpam-modules	1.5.3-5ubuntu5.7	arm64
libpam-modules-bin	1.5.3-5ubuntu5.7	arm64
libpam-runtime	1.5.3-5ubuntu5.7	all
libpam-systemd	255.4-1ubuntu8.17	arm64
libpam0g	1.5.3-5ubuntu5.7	arm64
libpango-1.0-0	1.52.1+ds-1build1	arm64
libpangocairo-1.0-0	1.52.1+ds-1build1	arm64
libpangoft2-1.0-0	1.52.1+ds-1build1	arm64
libpaper-utils	1.1.29build1	arm64
libpaper1	1.1.29build1	arm64
libparu0	1:7.6.1+dfsg-1build1	arm64
libpathplan4	2.42.2-9ubuntu0.1	arm64
libpciaccess-dev	0.17-3ubuntu0.24.04.2	arm64
libpciaccess0	0.17-3ubuntu0.24.04.2	arm64
libpcre16-3	2:8.39-15build1	arm64
libpcre2-16-0	10.42-4ubuntu2.1	arm64
libpcre2-32-0	10.42-4ubuntu2.1	arm64
libpcre2-8-0	10.42-4ubuntu2.1	arm64
libpcre2-dev	10.42-4ubuntu2.1	arm64
libpcre2-posix3	10.42-4ubuntu2.1	arm64
libpcre3	2:8.39-15build1	arm64
libpcre3-dev	2:8.39-15build1	arm64
libpcre32-3	2:8.39-15build1	arm64
libpcrecpp0v5	2:8.39-15build1	arm64
libpcsclite1	2.0.3-1build1	arm64
libperl5.38t64	5.38.2-3.2ubuntu0.4	arm64
libpgm-5.3-0t64	5.3.128~dfsg-2.1build1	arm64
libpgm-dev	5.3.128~dfsg-2.1build1	arm64
libpixman-1-0	0.42.2-1build1	arm64
libpkgconf3	1.8.1-2build1	arm64
libplacebo338	6.338.2-2build1	arm64
libpmix-dev	5.0.1-4.1build1	arm64
libpmix2t64	5.0.1-4.1build1	arm64
libpng-dev	1.6.43-5ubuntu0.6	arm64
libpng-tools	1.6.43-5ubuntu0.6	arm64
libpng16-16t64	1.6.43-5ubuntu0.6	arm64
libpocketsphinx3	0.8.0+real5prealpha+1-15ubuntu5	arm64
libpoco-dev	1.11.0-4.1build2	arm64
libpocoactiverecord80t64	1.11.0-4.1build2	arm64
libpococrypto80t64	1.11.0-4.1build2	arm64
libpocodata80t64	1.11.0-4.1build2	arm64
libpocodatamysql80t64	1.11.0-4.1build2	arm64
libpocodataodbc80t64	1.11.0-4.1build2	arm64
libpocodatapostgresql80t64	1.11.0-4.1build2	arm64
libpocodatasqlite80t64	1.11.0-4.1build2	arm64
libpocoencodings80t64	1.11.0-4.1build2	arm64
libpocofoundation80t64	1.11.0-4.1build2	arm64
libpocojson80t64	1.11.0-4.1build2	arm64
libpocojwt80t64	1.11.0-4.1build2	arm64
libpocomongodb80t64	1.11.0-4.1build2	arm64
libpoconet80t64	1.11.0-4.1build2	arm64
libpoconetssl80t64	1.11.0-4.1build2	arm64
libpocoredis80t64	1.11.0-4.1build2	arm64
libpocoutil80t64	1.11.0-4.1build2	arm64
libpocoxml80t64	1.11.0-4.1build2	arm64
libpocozip80t64	1.11.0-4.1build2	arm64
libpolkit-agent-1-0	124-2ubuntu1.24.04.3	arm64
libpolkit-gobject-1-0	124-2ubuntu1.24.04.3	arm64
libpoppler-dev	24.02.0-1ubuntu9.9	arm64
libpoppler-private-dev	24.02.0-1ubuntu9.9	arm64
libpoppler134	24.02.0-1ubuntu9.9	arm64
libpopt0	1.19+dfsg-1build1	arm64
libpostproc-dev	7:6.1.1-3ubuntu5	arm64
libpostproc57	7:6.1.1-3ubuntu5	arm64
libpq-dev	16.15-0ubuntu0.24.04.1	arm64
libpq5	16.15-0ubuntu0.24.04.1	arm64
libproc2-0	2:4.0.4-4ubuntu3.3	arm64
libproj-dev	9.4.0-1build2	arm64
libproj25	9.4.0-1build2	arm64
libprotobuf-dev	3.21.12-8.2ubuntu0.3	arm64
libprotobuf-lite32t64	3.21.12-8.2ubuntu0.3	arm64
libprotobuf32t64	3.21.12-8.2ubuntu0.3	arm64
libprotoc-dev	3.21.12-8.2ubuntu0.3	arm64
libprotoc32t64	3.21.12-8.2ubuntu0.3	arm64
libproxy1v5	0.5.4-4build1	arm64
libpsl5t64	0.21.2-1.1build1	arm64
libpthread-stubs0-dev	0.4-1build3	arm64
libpugixml-dev	1.14-0.1build1	arm64
libpugixml1v5	1.14-0.1build1	arm64
libpulse-dev	1:16.1+dfsg1-2ubuntu10.1	arm64
libpulse-mainloop-glib0	1:16.1+dfsg1-2ubuntu10.1	arm64
libpulse0	1:16.1+dfsg1-2ubuntu10.1	arm64
libpyside2-dev	5.15.13-1	arm64
libpyside2-py3-5.15t64	5.15.13-1	arm64
libpython3-dev	3.12.3-0ubuntu2.1	arm64
libpython3-stdlib	3.12.3-0ubuntu2.1	arm64
libpython3.12-dev	3.12.3-1ubuntu0.16	arm64
libpython3.12-minimal	3.12.3-1ubuntu0.16	arm64
libpython3.12-stdlib	3.12.3-1ubuntu0.16	arm64
libpython3.12t64	3.12.3-1ubuntu0.16	arm64
libqhull-dev	2020.2-6build1	arm64
libqhull-r8.0	2020.2-6build1	arm64
libqhull8.0	2020.2-6build1	arm64
libqhullcpp8.0	2020.2-6build1	arm64
libqmi-glib5	1.35.2-0ubuntu2	arm64
libqmi-proxy	1.35.2-0ubuntu2	arm64
libqmi-utils	1.35.2-0ubuntu2	arm64
libqrtr-glib0	1.2.2-1ubuntu4	arm64
libqt5charts5	5.15.13-1	arm64
libqt5concurrent5t64	5.15.13+dfsg-1ubuntu1	arm64
libqt5core5t64	5.15.13+dfsg-1ubuntu1	arm64
libqt5dbus5t64	5.15.13+dfsg-1ubuntu1	arm64
libqt5designer5	5.15.13-1	arm64
libqt5gui5t64	5.15.13+dfsg-1ubuntu1	arm64
libqt5help5	5.15.13-1	arm64
libqt5location5	5.15.13+dfsg-1	arm64
libqt5location5-plugins	5.15.13+dfsg-1	arm64
libqt5network5t64	5.15.13+dfsg-1ubuntu1	arm64
libqt5opengl5-dev	5.15.13+dfsg-1ubuntu1	arm64
libqt5opengl5t64	5.15.13+dfsg-1ubuntu1	arm64
libqt5positioning5	5.15.13+dfsg-1	arm64
libqt5positioning5-plugins	5.15.13+dfsg-1	arm64
libqt5positioningquick5	5.15.13+dfsg-1	arm64
libqt5printsupport5t64	5.15.13+dfsg-1ubuntu1	arm64
libqt5qml5	5.15.13+dfsg-1ubuntu0.1	arm64
libqt5qmlmodels5	5.15.13+dfsg-1ubuntu0.1	arm64
libqt5qmlworkerscript5	5.15.13+dfsg-1ubuntu0.1	arm64
libqt5quick5	5.15.13+dfsg-1ubuntu0.1	arm64
libqt5quickcontrols2-5	5.15.13+dfsg-1	arm64
libqt5quickparticles5	5.15.13+dfsg-1ubuntu0.1	arm64
libqt5quickshapes5	5.15.13+dfsg-1ubuntu0.1	arm64
libqt5quicktemplates2-5	5.15.13+dfsg-1	arm64
libqt5quicktest5	5.15.13+dfsg-1ubuntu0.1	arm64
libqt5quickwidgets5	5.15.13+dfsg-1ubuntu0.1	arm64
libqt5serialport5	5.15.13-1	arm64
libqt5sql5-sqlite	5.15.13+dfsg-1ubuntu1	arm64
libqt5sql5t64	5.15.13+dfsg-1ubuntu1	arm64
libqt5svg5	5.15.13-1	arm64
libqt5test5t64	5.15.13+dfsg-1ubuntu1	arm64
libqt5waylandclient5	5.15.13-1	arm64
libqt5waylandcompositor5	5.15.13-1	arm64
libqt5widgets5t64	5.15.13+dfsg-1ubuntu1	arm64
libqt5xml5t64	5.15.13+dfsg-1ubuntu1	arm64
librabbitmq4	0.11.0-1ubuntu0.2	arm64
libraqm0	0.10.1-1build1	arm64
librav1e0	0.7.1-2	arm64
libraw1394-11	2.1.2-2build3	arm64
libraw1394-dev	2.1.2-2build3	arm64
libraw1394-tools	2.1.2-2build3	arm64
libraw23t64	0.21.2-2.1ubuntu0.24.04.2	arm64
librbio4	1:7.6.1+dfsg-1build1	arm64
librdmacm1t64	50.0-2ubuntu0.2	arm64
libreadline8t64	8.2-4build1	arm64
librhash0	1.4.3-3build1	arm64
librist4	0.2.10+dfsg-2	arm64
librsvg2-2	2.58.0+dfsg-1build1	arm64
librsvg2-common	2.58.0+dfsg-1build1	arm64
librtmp1	2.4+20151223.gitfa8646d.1-2build7	arm64
librttopo-dev	1.1.0-3build2	arm64
librttopo1	1.1.0-3build2	arm64
librubberband2	3.3.0+dfsg-2build1	arm64
libruby	1:3.2~ubuntu1	arm64
libruby3.2	3.2.3-1ubuntu0.24.04.8	arm64
libsamplerate0	0.2.2-4build1	arm64
libsamplerate0-dev	0.2.2-4build1	arm64
libsasl2-2	2.1.28+dfsg1-5ubuntu3.1	arm64
libsasl2-modules-db	2.1.28+dfsg1-5ubuntu3.1	arm64
libsdl2-2.0-0	2.30.0+dfsg-1ubuntu3.1	arm64
libsdl2-dev	2.30.0+dfsg-1ubuntu3.1	arm64
libseccomp2	2.5.5-1ubuntu3.1	arm64
libselinux1	3.5-2ubuntu2.1	arm64
libselinux1-dev	3.5-2ubuntu2.1	arm64
libsemanage-common	3.5-1build5	all
libsemanage2	3.5-1build5	arm64
libsensors-config	1:3.6.0-9build1	all
libsensors5	1:3.6.0-9build1	arm64
libsepol-dev	3.5-2build1	arm64
libsepol2	3.5-2build1	arm64
libserd-0-0	0.32.2-1	arm64
libsframe1	2.42-4ubuntu2.10	arm64
libshaderc-dev	2023.8-1build1	arm64
libshaderc1	2023.8-1build1	arm64
libsharpyuv-dev	1.3.2-0.4build3	arm64
libsharpyuv0	1.3.2-0.4build3	arm64
libshiboken2-dev	5.15.13-1	arm64
libshiboken2-py3-5.15t64	5.15.13-1	arm64
libshine3	3.1.1-2build1	arm64
libslang2	2.3.3-3build2	arm64
libsm-dev	2:1.2.3-1build3	arm64
libsm6	2:1.2.3-1build3	arm64
libsmartcols1	2.39.3-9ubuntu6.6	arm64
libsnappy1v5	1.1.10-1build1	arm64
libsndfile1	1.2.2-1ubuntu5.24.04.1	arm64
libsndio-dev	1.9.0-0.3build3	arm64
libsndio7.0	1.9.0-0.3build3	arm64
libsocket++1	1.12.13+git20131030.5d039ba-1build1	arm64
libsodium-dev	1.0.18-1ubuntu0.24.04.1	arm64
libsodium23	1.0.18-1ubuntu0.24.04.1	arm64
libsord-0-0	0.16.16-2build1	arm64
libsoup-3.0-0	3.4.4-5ubuntu0.7	arm64
libsoup-3.0-common	3.4.4-5ubuntu0.7	all
libsoxr0	0.1.3-4build3	arm64
libspatialite-dev	5.1.0-3build1	arm64
libspatialite8t64	5.1.0-3build1	arm64
libspdlog-dev	1:1.12.0+ds-2build1	arm64
libspdlog1.12	1:1.12.0+ds-2build1	arm64
libspeex1	1.2.1-2ubuntu2.24.04.1	arm64
libspex2	1:7.6.1+dfsg-1build1	arm64
libsphinxbase3t64	0.8+5prealpha+1-17build2	arm64
libspqr4	1:7.6.1+dfsg-1build1	arm64
libsqlite3-0	3.45.1-1ubuntu2.7	arm64
libsqlite3-dev	3.45.1-1ubuntu2.7	arm64
libsratom-0-0	0.6.16-1build1	arm64
libsrt1.5-gnutls	1.5.3-1build2	arm64
libss2	1.47.0-2.4~exp1ubuntu4.1	arm64
libssh-4	0.10.6-2ubuntu0.5	arm64
libssh-gcrypt-4	0.10.6-2ubuntu0.5	arm64
libssl-dev	3.0.13-0ubuntu3.15	arm64
libssl3t64	3.0.13-0ubuntu3.15	arm64
libstdc++-13-dev	13.3.0-6ubuntu2~24.04.1	arm64
libstdc++6	14.2.0-4ubuntu2~24.04.1	arm64
libsuitesparse-dev	1:7.6.1+dfsg-1build1	arm64
libsuitesparse-mongoose3	1:7.6.1+dfsg-1build1	arm64
libsuitesparseconfig7	1:7.6.1+dfsg-1build1	arm64
libsuperlu-dev	6.0.1+dfsg1-1build1	arm64
libsuperlu6	6.0.1+dfsg1-1build1	arm64
libsvtav1enc1d1	1.7.0+dfsg-2build1	arm64
libswresample-dev	7:6.1.1-3ubuntu5	arm64
libswresample4	7:6.1.1-3ubuntu5	arm64
libswscale-dev	7:6.1.1-3ubuntu5	arm64
libswscale7	7:6.1.1-3ubuntu5	arm64
libsystemd-shared	255.4-1ubuntu8.17	arm64
libsystemd0	255.4-1ubuntu8.17	arm64
libsz2	1.1.2-1build1	arm64
libtasn1-6	4.19.0-3ubuntu0.24.04.2	arm64
libtbb-dev	2021.11.0-2ubuntu2	arm64
libtbb12	2021.11.0-2ubuntu2	arm64
libtbbbind-2-5	2021.11.0-2ubuntu2	arm64
libtbbmalloc2	2021.11.0-2ubuntu2	arm64
libtcl8.6	8.6.14+dfsg-1build1	arm64
libtesseract5	5.3.4-1build5	arm64
libthai-data	0.1.29-2build1	all
libthai0	0.1.29-2build1	arm64
libtheora-dev	1.1.1+dfsg.1-16.1build3	arm64
libtheora0	1.1.1+dfsg.1-16.1build3	arm64
libtiff-dev	4.5.1+git230720-4ubuntu2.5	arm64
libtiff6	4.5.1+git230720-4ubuntu2.5	arm64
libtiffxx6	4.5.1+git230720-4ubuntu2.5	arm64
libtinfo6	6.4+20240113-1ubuntu2.2	arm64
libtinyxml2-10	10.0.0+dfsg-2	arm64
libtinyxml2-dev	10.0.0+dfsg-2	arm64
libtirpc-common	1.3.4+ds-1.1build1	all
libtirpc-dev	1.3.4+ds-1.1build1	arm64
libtirpc3t64	1.3.4+ds-1.1build1	arm64
libtk8.6	8.6.14-1build1	arm64
libtool	2.4.7-7build1	all
libtsan2	14.2.0-4ubuntu2~24.04.1	arm64
libtwolame0	0.4.0-2build3	arm64
libubsan1	14.2.0-4ubuntu2~24.04.1	arm64
libucx0	1.16.0+ds-5ubuntu1	arm64
libudev-dev	255.4-1ubuntu8.17	arm64
libudev1	255.4-1ubuntu8.17	arm64
libudfread0	1.1.2-1build1	arm64
libumfpack6	1:7.6.1+dfsg-1build1	arm64
libunibreak5	5.1-2build1	arm64
libunistring5	1.1-2build1.1	arm64
libunwind8	1.6.2-3build1.1	arm64
liburcu-dev	0.14.0-3.1build1	arm64
liburcu8t64	0.14.0-3.1build1	arm64
liburdfdom-dev	4.0.0-0ubuntu1	arm64
liburdfdom-headers-dev	1.0.5-3	all
liburdfdom-model-state4.0	4.0.0-0ubuntu1	arm64
liburdfdom-model4.0	4.0.0-0ubuntu1	arm64
liburdfdom-sensor4.0	4.0.0-0ubuntu1	arm64
liburdfdom-world4.0	4.0.0-0ubuntu1	arm64
liburiparser-dev	0.9.7+dfsg-2build1	arm64
liburiparser1	0.9.7+dfsg-2build1	arm64
libusb-1.0-0	2:1.0.27-1	arm64
libuuid1	2.39.3-9ubuntu6.6	arm64
libuv1t64	1.48.0-1.1build1	arm64
libva-drm2	2.20.0-2ubuntu0.2	arm64
libva-x11-2	2.20.0-2ubuntu0.2	arm64
libva2	2.20.0-2ubuntu0.2	arm64
libvdpau1	1.5-2build1	arm64
libvidstab1.1	1.1.0-2build1	arm64
libvisual-0.4-0	0.4.2-2build1	arm64
libvorbis0a	1.3.7-1build3	arm64
libvorbisenc2	1.3.7-1build3	arm64
libvorbisfile3	1.3.7-1build3	arm64
libvpx9	1.14.0-1ubuntu2.3	arm64
libvtk9.1t64	9.1.0+really9.1.0+dfsg2-7.1build3	arm64
libvulkan-dev	1.3.275.0-1build1	arm64
libvulkan1	1.3.275.0-1build1	arm64
libwacom-common	2.10.0-2	all
libwacom9	2.10.0-2	arm64
libwayland-bin	1.22.0-2.1build1	arm64
libwayland-client0	1.22.0-2.1build1	arm64
libwayland-cursor0	1.22.0-2.1build1	arm64
libwayland-dev	1.22.0-2.1build1	arm64
libwayland-egl1	1.22.0-2.1build1	arm64
libwayland-server0	1.22.0-2.1build1	arm64
libwebp-dev	1.3.2-0.4build3	arm64
libwebp7	1.3.2-0.4build3	arm64
libwebpdecoder3	1.3.2-0.4build3	arm64
libwebpdemux2	1.3.2-0.4build3	arm64
libwebpmux3	1.3.2-0.4build3	arm64
libwmf-0.2-7	0.2.13-1.1build3	arm64
libwmf-dev	0.2.13-1.1build3	arm64
libwmflite-0.2-7	0.2.13-1.1build3	arm64
libx11-6	2:1.8.7-1build1	arm64
libx11-data	2:1.8.7-1build1	all
libx11-dev	2:1.8.7-1build1	arm64
libx11-xcb-dev	2:1.8.7-1build1	arm64
libx11-xcb1	2:1.8.7-1build1	arm64
libx264-164	2:0.164.3108+git31e19f9-1	arm64
libx265-199	3.5-2build1	arm64
libx265-dev	3.5-2build1	arm64
libxau-dev	1:1.0.9-1build6	arm64
libxau6	1:1.0.9-1build6	arm64
libxaw7	2:1.0.14-1build2	arm64
libxaw7-dev	2:1.0.14-1build2	arm64
libxcb-dri3-0	1.15-1ubuntu2	arm64
libxcb-glx0	1.15-1ubuntu2	arm64
libxcb-icccm4	0.4.1-1.1build3	arm64
libxcb-image0	0.4.0-2build1	arm64
libxcb-keysyms1	0.4.0-1build4	arm64
libxcb-present0	1.15-1ubuntu2	arm64
libxcb-randr0	1.15-1ubuntu2	arm64
libxcb-randr0-dev	1.15-1ubuntu2	arm64
libxcb-render-util0	0.3.9-1build4	arm64
libxcb-render0	1.15-1ubuntu2	arm64
libxcb-render0-dev	1.15-1ubuntu2	arm64
libxcb-shape0	1.15-1ubuntu2	arm64
libxcb-shm0	1.15-1ubuntu2	arm64
libxcb-sync1	1.15-1ubuntu2	arm64
libxcb-util1	0.4.0-1build3	arm64
libxcb-xfixes0	1.15-1ubuntu2	arm64
libxcb-xinerama0	1.15-1ubuntu2	arm64
libxcb-xinput0	1.15-1ubuntu2	arm64
libxcb-xkb1	1.15-1ubuntu2	arm64
libxcb1	1.15-1ubuntu2	arm64
libxcb1-dev	1.15-1ubuntu2	arm64
libxcomposite1	1:0.4.5-1build3	arm64
libxcursor-dev	1:1.2.1-1build1	arm64
libxcursor1	1:1.2.1-1build1	arm64
libxdamage1	1:1.1.6-1build1	arm64
libxdmcp-dev	1:1.1.3-0ubuntu6	arm64
libxdmcp6	1:1.1.3-0ubuntu6	arm64
libxerces-c-dev	3.2.4+debian-1.2ubuntu2	arm64
libxerces-c3.2t64	3.2.4+debian-1.2ubuntu2	arm64
libxext-dev	2:1.3.4-1build2	arm64
libxext6	2:1.3.4-1build2	arm64
libxfixes-dev	1:6.0.0-2build1	arm64
libxfixes3	1:6.0.0-2build1	arm64
libxft2	2.3.6-1build1	arm64
libxi-dev	2:1.8.1-1build1	arm64
libxi6	2:1.8.1-1build1	arm64
libxinerama-dev	2:1.1.4-3build1	arm64
libxinerama1	2:1.1.4-3build1	arm64
libxkbcommon-dev	1.6.0-1build1	arm64
libxkbcommon-x11-0	1.6.0-1build1	arm64
libxkbcommon0	1.6.0-1build1	arm64
libxml2	2.9.14+dfsg-1.3ubuntu3.8	arm64
libxml2-dev	2.9.14+dfsg-1.3ubuntu3.8	arm64
libxml2-utils	2.9.14+dfsg-1.3ubuntu3.8	arm64
libxmu-dev	2:1.1.3-3build2	arm64
libxmu-headers	2:1.1.3-3build2	all
libxmu6	2:1.1.3-3build2	arm64
libxmuu1	2:1.1.3-3build2	arm64
libxnvctrl0	510.47.03-0ubuntu4.24.04.1	arm64
libxpm-dev	1:3.5.17-1ubuntu0.24.04.1	arm64
libxpm4	1:3.5.17-1ubuntu0.24.04.1	arm64
libxrandr-dev	2:1.5.2-2build1	arm64
libxrandr2	2:1.5.2-2build1	arm64
libxrender-dev	1:0.9.10-1.1build1	arm64
libxrender1	1:0.9.10-1.1build1	arm64
libxshmfence1	1.3-1build5	arm64
libxsimd-dev	12.1.1-3build1	arm64
libxslt1.1	1.1.39-0exp1ubuntu0.24.04.3	arm64
libxss-dev	1:1.2.3-1build3	arm64
libxss1	1:1.2.3-1build3	arm64
libxt-dev	1:1.2.1-1.2build1	arm64
libxt6t64	1:1.2.1-1.2build1	arm64
libxtensor-dev	0.25.0-1	all
libxtst6	2:1.2.3-1.1build1	arm64
libxv-dev	2:1.0.11-1.1build1	arm64
libxv1	2:1.0.11-1.1build1	arm64
libxvidcore4	2:1.3.7-1build1	arm64
libxxf86vm-dev	1:1.1.4-1build4	arm64
libxxf86vm1	1:1.1.4-1build4	arm64
libxxhash0	0.8.2-2build1	arm64
libyaml-0-2	0.2.5-1build1	arm64
libyaml-cpp-dev	0.8.0+dfsg-6build1	arm64
libyaml-cpp0.8	0.8.0+dfsg-6build1	arm64
libyaml-dev	0.2.5-1build1	arm64
libzimg2	3.0.5+ds1-1build1	arm64
libzip-dev	1.7.3-1.1ubuntu2	arm64
libzip4t64	1.7.3-1.1ubuntu2	arm64
libzix-0-0	0.4.2-2build1	arm64
libzmq3-dev	4.3.5-1build2	arm64
libzmq5	4.3.5-1build2	arm64
libzstd-dev	1.5.5+dfsg2-2build1.1	arm64
libzstd1	1.5.5+dfsg2-2build1.1	arm64
libzvbi-common	0.2.42-2	all
libzvbi0t64	0.2.42-2	arm64
libzzip-0-13t64	0.13.72+dfsg.1-1.2build1	arm64
libzzip-dev	0.13.72+dfsg.1-1.2build1	arm64
linux-libc-dev	6.8.0-139.139	arm64
login	1:4.13+dfsg1-4ubuntu3.2	arm64
logsave	1.47.0-2.4~exp1ubuntu4.1	arm64
lsb-release	12.0-2	all
lto-disabled-list	47	all
lttng-tools	2.13.11-2.1build4	arm64
m4	1.4.19-4build1	arm64
make	4.3-4.1build2	arm64
mawk	1.3.4.20240123-1build1	arm64
media-types	10.1.0	all
mesa-libgallium	25.2.8-0ubuntu0.24.04.2	arm64
mesa-va-drivers	25.2.8-0ubuntu0.24.04.2	arm64
mesa-vdpau-drivers	25.2.8-0ubuntu0.24.04.2	arm64
mesa-vulkan-drivers	25.2.8-0ubuntu0.24.04.2	arm64
modemmanager	1.23.4-0ubuntu2	arm64
mount	2.39.3-9ubuntu6.6	arm64
mpi-default-bin	1.15build1	arm64
mpi-default-dev	1.15build1	arm64
mysql-common	5.8+1.1.0build1	all
ncurses-base	6.4+20240113-1ubuntu2.2	all
ncurses-bin	6.4+20240113-1ubuntu2.2	arm64
netbase	6.4	all
networkd-dispatcher	2.2.4-1	all
ninja-build	1.11.1-2	arm64
nlohmann-json3-dev	3.11.3-1	all
ocl-icd-libopencl1	2.3.2-1build1	arm64
opencv-data	4.6.0+dfsg-13.1ubuntu1	all
openmpi-bin	4.1.6-7ubuntu2	arm64
openmpi-common	4.1.6-7ubuntu2	all
openssh-client	1:9.6p1-3ubuntu13.19	arm64
openssl	3.0.13-0ubuntu3.15	arm64
passwd	1:4.13+dfsg1-4ubuntu3.2	arm64
patch	2.7.6-7build3	arm64
perl	5.38.2-3.2ubuntu0.4	arm64
perl-base	5.38.2-3.2ubuntu0.4	arm64
perl-modules-5.38	5.38.2-3.2ubuntu0.4	all
pinentry-curses	1.2.1-3ubuntu5	arm64
pkg-config	1.8.1-2build1	arm64
pkgconf	1.8.1-2build1	arm64
pkgconf-bin	1.8.1-2build1	arm64
pocketsphinx-en-us	0.8.0+real5prealpha+1-15ubuntu5	all
polkitd	124-2ubuntu1.24.04.3	arm64
poppler-data	0.4.12-1	all
procps	2:4.0.4-4ubuntu3.3	arm64
proj-bin	9.4.0-1build2	arm64
proj-data	9.4.0-1build2	all
protobuf-compiler	3.21.12-8.2ubuntu0.3	arm64
pybind11-dev	2.11.1-2	all
pydocstyle	6.3.0-1.1	all
pyqt5-dev	5.15.10+dfsg-1build6	all
python-babel-localedata	2.10.3-3build1	all
python-matplotlib-data	3.6.3-1ubuntu5	all
python3	3.12.3-0ubuntu2.1	arm64
python3-appdirs	1.4.4-4	all
python3-argcomplete	3.1.4-1ubuntu0.1	all
python3-attr	23.2.0-2	all
python3-babel	2.10.3-3build1	all
python3-brotli	1.1.0-2build2	arm64
python3-catkin-pkg-modules	1.1.0-2	all
python3-cffi-backend	1.16.0-2build1	arm64
python3-colcon-argcomplete	0.3.3+upstream-1	all
python3-colcon-bash	0.5.0-100	all
python3-colcon-cd	0.2.1-100	all
python3-colcon-cmake	0.2.30+upstream-1	all
python3-colcon-common-extensions	0.3.0-100	all
python3-colcon-core	0.21.1+upstream-1	all
python3-colcon-defaults	0.2.9+upstream-1	all
python3-colcon-devtools	0.3.0-100	all
python3-colcon-library-path	0.2.1-100	all
python3-colcon-metadata	0.2.5-100	all
python3-colcon-mixin	0.3.0+upstream-1	all
python3-colcon-notification	0.3.1+upstream-1	all
python3-colcon-output	0.2.14+upstream-1	all
python3-colcon-package-information	0.4.1+upstream-1	all
python3-colcon-package-selection	0.2.10-100	all
python3-colcon-parallel-executor	0.3.0-100	all
python3-colcon-pkg-config	0.1.0-100	all
python3-colcon-powershell	0.5.0+upstream-1	all
python3-colcon-python-setup-py	0.2.9-100	all
python3-colcon-recursive-crawl	0.2.3-100	all
python3-colcon-ros	0.5.0+upstream-1	all
python3-colcon-test-result	0.3.8-100	all
python3-colcon-zsh	0.5.0-100	all
python3-contourpy	1.0.7-2build1	arm64
python3-cryptography	41.0.7-4ubuntu0.4	arm64
python3-cycler	0.11.0-2	all
python3-dateutil	2.8.2-3ubuntu1	all
python3-dbus	1.3.2-5build3	arm64
python3-decorator	5.1.1-5	all
python3-dev	3.12.3-0ubuntu2.1	arm64
python3-distlib	0.3.8-1	all
python3-distro	1.9.0-1	all
python3-docutils	0.20.1+dfsg-3	all
python3-empy	3.3.4-2	all
python3-filelock	3.13.1-1	all
python3-flake8	7.0.0-1	all
python3-flake8-builtins	2.1.0-1	all
python3-flake8-comprehensions	3.14.0-1	all
python3-flake8-docstrings	1.6.0-2	all
python3-flake8-import-order	0.18.2-2	all
python3-flake8-quotes	3.4.0-1	all
python3-fonttools	4.46.0-1build2	arm64
python3-fs	2.4.16-3	all
python3-gi	3.48.2-1	arm64
python3-graphviz	0.20.2-1	all
python3-importlib-metadata	4.12.0-1	all
python3-iniconfig	1.1.1-2	all
python3-jinja2	3.1.2-1ubuntu1.3	all
python3-kiwisolver	1.4.4-2build1	arm64
python3-lark	1.1.9-1	all
python3-lxml	5.2.1-1	arm64
python3-lz4	4.0.2+dfsg-1build4	arm64
python3-markupsafe	2.1.5-1build2	arm64
python3-matplotlib	3.6.3-1ubuntu5	arm64
python3-mccabe	0.7.0-1	all
python3-minimal	3.12.3-0ubuntu2.1	arm64
python3-more-itertools	10.2.0-1	all
python3-mpmath	1.2.1-3	all
python3-notify2	0.3-5	all
python3-numpy	1:1.26.4+ds-6ubuntu1	arm64
python3-olefile	0.46-3	all
python3-opencv	4.6.0+dfsg-13.1ubuntu1	arm64
python3-packaging	24.0-1	all
python3-pil	10.2.0-1ubuntu1.3	arm64
python3-pil.imagetk	10.2.0-1ubuntu1.3	arm64
python3-pkg-resources	68.1.2-2ubuntu1.2	all
python3-pluggy	1.4.0-1	all
python3-protobuf	3.21.12-8.2ubuntu0.3	arm64
python3-psutil	5.9.8-2build2	arm64
python3-pycodestyle	2.11.1-1	all
python3-pydocstyle	6.3.0-1.1	all
python3-pyflakes	3.2.0-1	all
python3-pygments	2.17.2+dfsg-1	all
python3-pykdl	1.5.1-4build1	arm64
python3-pyparsing	3.1.1-1	all
python3-pyqt5	5.15.10+dfsg-1build6	arm64
python3-pyqt5.qtsvg	5.15.10+dfsg-1build6	arm64
python3-pyqt5.sip	12.13.0-1build3	arm64
python3-pyside2.qtcore	5.15.13-1	arm64
python3-pyside2.qtgui	5.15.13-1	arm64
python3-pyside2.qtsvg	5.15.13-1	arm64
python3-pyside2.qtwidgets	5.15.13-1	arm64
python3-pytest	7.4.4-1	all
python3-roman	3.3-3	all
python3-rosdep	0.26.0-1	all
python3-rosdep-modules	0.26.0-1	all
python3-rosdistro-modules	1.1.0-1	all
python3-rospkg-modules	1.6.2-1	all
python3-scipy	1.11.4-6build1	arm64
python3-setuptools	68.1.2-2ubuntu1.2	all
python3-sip	4.19.25+dfsg-5build3	arm64
python3-sip-dev	4.19.25+dfsg-5build3	arm64
python3-six	1.16.0-4	all
python3-snowballstemmer	2.2.0-4build1	all
python3-sympy	1.12-7	all
python3-tk	3.12.3-0ubuntu1	arm64
python3-typeguard	4.1.5-1	all
python3-tz	2024.1-2	all
python3-ufolib2	0.16.0+dfsg1-1	all
python3-unicodedata2	15.1.0+ds-1build1	arm64
python3-vcstool	0.3.0-1	all
python3-yaml	6.0.1-2build2	arm64
python3-zipp	1.0.0-6ubuntu0.1	all
python3.12	3.12.3-1ubuntu0.16	arm64
python3.12-dev	3.12.3-1ubuntu0.16	arm64
python3.12-minimal	3.12.3-1ubuntu0.16	arm64
qml-module-qt-labs-folderlistmodel	5.15.13+dfsg-1ubuntu0.1	arm64
qml-module-qt-labs-platform	5.15.13+dfsg-1	arm64
qml-module-qt-labs-settings	5.15.13+dfsg-1ubuntu0.1	arm64
qml-module-qtcharts	5.15.13-1	arm64
qml-module-qtgraphicaleffects	5.15.13-1	arm64
qml-module-qtlocation	5.15.13+dfsg-1	arm64
qml-module-qtpositioning	5.15.13+dfsg-1	arm64
qml-module-qtqml	5.15.13+dfsg-1ubuntu0.1	arm64
qml-module-qtqml-models2	5.15.13+dfsg-1ubuntu0.1	arm64
qml-module-qtquick-controls	5.15.13-1	arm64
qml-module-qtquick-controls2	5.15.13+dfsg-1	arm64
qml-module-qtquick-dialogs	5.15.13-1	arm64
qml-module-qtquick-extras	5.15.13-1	arm64
qml-module-qtquick-layouts	5.15.13+dfsg-1ubuntu0.1	arm64
qml-module-qtquick-privatewidgets	5.15.13-1	arm64
qml-module-qtquick-templates2	5.15.13+dfsg-1	arm64
qml-module-qtquick-window2	5.15.13+dfsg-1ubuntu0.1	arm64
qml-module-qtquick2	5.15.13+dfsg-1ubuntu0.1	arm64
qt5-gtk-platformtheme	5.15.13+dfsg-1ubuntu1	arm64
qt5-qmake	5.15.13+dfsg-1ubuntu1	arm64
qt5-qmake-bin	5.15.13+dfsg-1ubuntu1	arm64
qt5-qmltooling-plugins	5.15.13+dfsg-1ubuntu0.1	arm64
qtbase5-dev	5.15.13+dfsg-1ubuntu1	arm64
qtbase5-dev-tools	5.15.13+dfsg-1ubuntu1	arm64
qtchooser	66-2build2	arm64
qtdeclarative5-dev	5.15.13+dfsg-1ubuntu0.1	arm64
qtdeclarative5-dev-tools	5.15.13+dfsg-1ubuntu0.1	arm64
qtquickcontrols2-5-dev	5.15.13+dfsg-1	arm64
qttranslations5-l10n	5.15.13-1	all
qtwayland5	5.15.13-1	arm64
rake	13.0.6-3	all
rapidjson-dev	1.1.0+dfsg2-7.2	all
readline-common	8.2-4build1	all
ros-jazzy-ackermann-msgs	2.0.2-6noble.20260902.115749	arm64
ros-jazzy-ackermann-steering-controller	4.42.1-1noble.20260904.014541	arm64
ros-jazzy-action-msgs	2.0.4-1noble.20260612.052535	arm64
ros-jazzy-actionlib-msgs	5.3.8-1noble.20260612.053838	arm64
ros-jazzy-actuator-msgs	0.0.1-4noble.20260902.120135	arm64
ros-jazzy-admittance-controller	4.42.1-1noble.20260904.012123	arm64
ros-jazzy-ament-cmake	2.5.6-2noble.20260305.203904	arm64
ros-jazzy-ament-cmake-auto	2.5.6-2noble.20260305.211009	arm64
ros-jazzy-ament-cmake-copyright	0.17.5-1noble.20260411.113359	arm64
ros-jazzy-ament-cmake-core	2.5.6-2noble.20260224.191051	arm64
ros-jazzy-ament-cmake-cppcheck	0.17.5-1noble.20260410.225507	arm64
ros-jazzy-ament-cmake-cpplint	0.17.5-1noble.20260410.225517	arm64
ros-jazzy-ament-cmake-export-definitions	2.5.6-2noble.20260225.111647	arm64
ros-jazzy-ament-cmake-export-dependencies	2.5.6-2noble.20260225.121204	arm64
ros-jazzy-ament-cmake-export-include-directories	2.5.6-2noble.20260305.195340	arm64
ros-jazzy-ament-cmake-export-interfaces	2.5.6-2noble.20260225.115659	arm64
ros-jazzy-ament-cmake-export-libraries	2.5.6-2noble.20260225.114045	arm64
ros-jazzy-ament-cmake-export-link-flags	2.5.6-2noble.20260305.195440	arm64
ros-jazzy-ament-cmake-export-targets	2.5.6-2noble.20260225.115837	arm64
ros-jazzy-ament-cmake-flake8	0.17.5-1noble.20260411.114519	arm64
ros-jazzy-ament-cmake-gen-version-h	2.5.6-2noble.20260225.114201	arm64
ros-jazzy-ament-cmake-gmock	2.5.6-2noble.20260225.232840	arm64
ros-jazzy-ament-cmake-gtest	2.5.6-2noble.20260225.230858	arm64
ros-jazzy-ament-cmake-include-directories	2.5.6-2noble.20260225.114255	arm64
ros-jazzy-ament-cmake-libraries	2.5.6-2noble.20260225.115526	arm64
ros-jazzy-ament-cmake-lint-cmake	0.17.5-1noble.20260411.112818	arm64
ros-jazzy-ament-cmake-pep257	0.17.5-1noble.20260411.115523	arm64
ros-jazzy-ament-cmake-pytest	2.5.6-2noble.20260225.124454	arm64
ros-jazzy-ament-cmake-python	2.5.6-2noble.20260225.115526	arm64
ros-jazzy-ament-cmake-ros	0.12.1-1noble.20260603.145943	arm64
ros-jazzy-ament-cmake-target-dependencies	2.5.6-2noble.20260225.121314	arm64
ros-jazzy-ament-cmake-test	2.5.6-2noble.20260225.121319	arm64
ros-jazzy-ament-cmake-uncrustify	0.17.5-1noble.20260411.113331	arm64
ros-jazzy-ament-cmake-version	2.5.6-2noble.20260225.115526	arm64
ros-jazzy-ament-cmake-xmllint	0.17.5-1noble.20260411.115523	arm64
ros-jazzy-ament-copyright	0.17.5-1noble.20260410.225542	arm64
ros-jazzy-ament-cppcheck	0.17.5-1noble.20260410.080852	arm64
ros-jazzy-ament-cpplint	0.17.5-1noble.20260410.080931	arm64
ros-jazzy-ament-flake8	0.17.5-1noble.20260411.112228	arm64
ros-jazzy-ament-index-cpp	1.8.4-1noble.20260519.010814	arm64
ros-jazzy-ament-index-python	1.8.4-1noble.20260519.010838	arm64
ros-jazzy-ament-lint	0.17.5-1noble.20260410.080953	arm64
ros-jazzy-ament-lint-auto	0.17.5-1noble.20260410.081016	arm64
ros-jazzy-ament-lint-cmake	0.17.5-1noble.20260410.125655	arm64
ros-jazzy-ament-lint-common	0.17.5-1noble.20260411.120318	arm64
ros-jazzy-ament-package	0.16.5-1noble.20260121.175232	arm64
ros-jazzy-ament-pep257	0.17.5-1noble.20260411.112251	arm64
ros-jazzy-ament-uncrustify	0.17.5-1noble.20260410.225047	arm64
ros-jazzy-ament-xmllint	0.17.5-1noble.20260411.112313	arm64
ros-jazzy-angles	1.16.1-1noble.20260305.211211	arm64
ros-jazzy-backward-ros	1.0.8-1noble.20260225.223902	arm64
ros-jazzy-battery-state-broadcaster	4.42.1-1noble.20260904.012135	arm64
ros-jazzy-behaviortree-cpp	4.10.0-1noble.20260902.212340	arm64
ros-jazzy-bicycle-steering-controller	4.42.1-1noble.20260904.014548	arm64
ros-jazzy-bond	4.2.0-1noble.20260902.025203	arm64
ros-jazzy-bondcpp	4.2.0-1noble.20260902.153702	arm64
ros-jazzy-builtin-interfaces	2.0.4-1noble.20260612.051853	arm64
ros-jazzy-chained-filter-controller	4.42.1-1noble.20260904.014524	arm64
ros-jazzy-chomp-motion-planner	2.12.4-1noble.20260903.024403	arm64
ros-jazzy-class-loader	2.7.1-1noble.20260603.150816	arm64
ros-jazzy-common-interfaces	5.3.8-1noble.20260612.090713	arm64
ros-jazzy-composition-interfaces	2.0.4-1noble.20260612.092230	arm64
ros-jazzy-compressed-depth-image-transport	4.0.7-1noble.20260902.183043	arm64
ros-jazzy-compressed-image-transport	4.0.7-1noble.20260902.183204	arm64
ros-jazzy-console-bridge-vendor	1.7.2-1noble.20260603.145621	arm64
ros-jazzy-control-msgs	5.9.0-1noble.20260902.141921	arm64
ros-jazzy-control-toolbox	4.11.1-1noble.20260903.201502	arm64
ros-jazzy-controller-interface	4.48.0-1noble.20260904.011627	arm64
ros-jazzy-controller-manager	4.48.0-1noble.20260904.013127	arm64
ros-jazzy-controller-manager-msgs	4.48.0-1noble.20260903.022424	arm64
ros-jazzy-costmap-queue	1.3.13-1noble.20260903.011740	arm64
ros-jazzy-cv-bridge	4.1.0-1noble.20260902.175525	arm64
ros-jazzy-diagnostic-msgs	5.3.8-1noble.20260612.081536	arm64
ros-jazzy-diagnostic-updater	4.2.7-1noble.20260902.152037	arm64
ros-jazzy-diff-drive-controller	4.42.1-1noble.20260904.012156	arm64
ros-jazzy-domain-coordinator	0.12.1-1noble.20260603.145652	arm64
ros-jazzy-dwb-core	1.3.13-1noble.20260903.005242	arm64
ros-jazzy-dwb-critics	1.3.13-1noble.20260903.012035	arm64
ros-jazzy-dwb-msgs	1.3.13-1noble.20260902.130421	arm64
ros-jazzy-dwb-plugins	1.3.13-1noble.20260903.005929	arm64
ros-jazzy-effort-controllers	4.42.1-1noble.20260904.015900	arm64
ros-jazzy-eigen-stl-containers	1.1.0-1noble.20260305.212614	arm64
ros-jazzy-eigen3-cmake-module	0.3.1-1noble.20260603.145848	arm64
ros-jazzy-fastcdr	2.2.7-1noble.20260225.225058	arm64
ros-jazzy-fastrtps	2.14.6-1noble.20260303.223942	arm64
ros-jazzy-fastrtps-cmake-module	3.6.4-1noble.20260603.150028	arm64
ros-jazzy-filters	2.2.2-1noble.20260902.212531	arm64
ros-jazzy-foonathan-memory-vendor	1.3.1-3noble.20260225.225339	arm64
ros-jazzy-force-torque-sensor-broadcaster	4.42.1-1noble.20260904.013213	arm64
ros-jazzy-forward-command-controller	4.42.1-1noble.20260904.013248	arm64
ros-jazzy-generate-parameter-library	0.7.6-1noble.20260902.151613	arm64
ros-jazzy-generate-parameter-library-py	0.7.6-1noble.20260810.141423	arm64
ros-jazzy-geographic-msgs	1.0.6-2noble.20260902.132856	arm64
ros-jazzy-geometric-shapes	2.3.4-1noble.20260902.150628	arm64
ros-jazzy-geometry-msgs	5.3.8-1noble.20260612.060310	arm64
ros-jazzy-geometry2	0.36.21-1noble.20260614.080307	arm64
ros-jazzy-gmock-vendor	1.14.9000-2noble.20260225.231553	arm64
ros-jazzy-google-benchmark-vendor	0.5.1-1noble.20260225.225637	arm64
ros-jazzy-gpio-controllers	4.42.1-1noble.20260904.013408	arm64
ros-jazzy-gps-msgs	3.1.1-1noble.20260902.122338	arm64
ros-jazzy-gps-sensor-broadcaster	4.42.1-1noble.20260904.013553	arm64
ros-jazzy-gripper-controllers	4.42.1-1noble.20260904.012357	arm64
ros-jazzy-gtest-vendor	1.14.9000-2noble.20260225.225707	arm64
ros-jazzy-gz-cmake-vendor	0.0.12-1noble.20260618.172935	arm64
ros-jazzy-gz-common-vendor	0.0.10-1noble.20260903.202215	arm64
ros-jazzy-gz-dartsim-vendor	0.0.3-1noble.20260305.214301	arm64
ros-jazzy-gz-fuel-tools-vendor	0.0.6-1noble.20260904.010356	arm64
ros-jazzy-gz-gui-vendor	0.0.5-1noble.20260904.020532	arm64
ros-jazzy-gz-math-vendor	0.0.11-1noble.20260903.201031	arm64
ros-jazzy-gz-msgs-vendor	0.0.8-1noble.20260904.005206	arm64
ros-jazzy-gz-ogre-next-vendor	0.0.5-1noble.20260305.214254	arm64
ros-jazzy-gz-physics-vendor	0.0.9-1noble.20260904.010710	arm64
ros-jazzy-gz-plugin-vendor	0.0.5-1noble.20260820.174201	arm64
ros-jazzy-gz-rendering-vendor	0.0.7-1noble.20260904.005119	arm64
ros-jazzy-gz-ros2-control	1.2.20-1noble.20260904.032933	arm64
ros-jazzy-gz-sensors-vendor	0.0.6-1noble.20260904.011716	arm64
ros-jazzy-gz-sim-vendor	0.0.13-1noble.20260904.022149	arm64
ros-jazzy-gz-tools-vendor	0.0.8-1noble.20260820.170736	arm64
ros-jazzy-gz-transport-vendor	0.0.9-1noble.20260904.010415	arm64
ros-jazzy-gz-utils-vendor	0.0.5-1noble.20260618.173450	arm64
ros-jazzy-hardware-interface	4.48.0-1noble.20260904.011033	arm64
ros-jazzy-hardware-interface-testing	4.48.0-1noble.20260904.020321	arm64
ros-jazzy-image-transport	5.1.8-1noble.20260902.180007	arm64
ros-jazzy-image-transport-plugins	4.0.7-1noble.20260902.190932	arm64
ros-jazzy-imu-sensor-broadcaster	4.42.1-1noble.20260904.013547	arm64
ros-jazzy-interactive-markers	2.5.5-1noble.20260902.171146	arm64
ros-jazzy-joint-limits	4.48.0-1noble.20260903.202131	arm64
ros-jazzy-joint-state-broadcaster	4.42.1-1noble.20260904.013606	arm64
ros-jazzy-joint-state-publisher	2.4.3-1noble.20260902.153245	arm64
ros-jazzy-joint-state-publisher-gui	2.4.3-1noble.20260902.192906	arm64
ros-jazzy-joint-trajectory-controller	4.42.1-1noble.20260904.012550	arm64
ros-jazzy-kdl-parser	2.11.0-3noble.20260604.174910	arm64
ros-jazzy-keyboard-handler	0.3.2-1noble.20260305.214544	arm64
ros-jazzy-kinematics-interface	1.7.1-1noble.20260902.212710	arm64
ros-jazzy-laser-geometry	2.7.2-1noble.20260903.003154	arm64
ros-jazzy-launch	3.4.11-1noble.20260603.145505	arm64
ros-jazzy-launch-param-builder	0.1.1-4noble.20260902.192930	arm64
ros-jazzy-launch-ros	0.26.12-1noble.20260612.133411	arm64
ros-jazzy-launch-testing	3.4.11-1noble.20260603.145921	arm64
ros-jazzy-launch-testing-ament-cmake	3.4.11-1noble.20260603.150105	arm64
ros-jazzy-launch-testing-ros	0.26.12-1noble.20260612.161624	arm64
ros-jazzy-launch-xml	3.4.11-1noble.20260603.145746	arm64
ros-jazzy-launch-yaml	3.4.11-1noble.20260603.145754	arm64
ros-jazzy-libcurl-vendor	3.4.4-1noble.20260305.214736	arm64
ros-jazzy-liblz4-vendor	0.26.11-1noble.20260603.145530	arm64
ros-jazzy-libstatistics-collector	1.7.4-1noble.20260612.095552	arm64
ros-jazzy-libyaml-vendor	1.6.4-2noble.20260603.145652	arm64
ros-jazzy-lifecycle-msgs	2.0.4-1noble.20260612.060410	arm64
ros-jazzy-magnetometer-broadcaster	4.42.1-1noble.20260904.013805	arm64
ros-jazzy-map-msgs	2.4.1-2noble.20260902.135735	arm64
ros-jazzy-marine-acoustic-msgs	2.1.0-2noble.20260902.130046	arm64
ros-jazzy-mcap-vendor	0.26.11-1noble.20260604.093033	arm64
ros-jazzy-mecanum-drive-controller	4.42.1-1noble.20260904.012700	arm64
ros-jazzy-message-filters	4.11.17-1noble.20260614.050915	arm64
ros-jazzy-moveit-common	2.12.4-1noble.20260305.205849	arm64
ros-jazzy-moveit-configs-utils	2.12.4-1noble.20260903.021106	arm64
ros-jazzy-moveit-core	2.12.4-1noble.20260903.020844	arm64
ros-jazzy-moveit-kinematics	2.12.4-1noble.20260903.030949	arm64
ros-jazzy-moveit-msgs	2.6.0-1noble.20260902.140058	arm64
ros-jazzy-moveit-planners	2.12.4-1noble.20260903.042957	arm64
ros-jazzy-moveit-planners-chomp	2.12.4-1noble.20260903.025043	arm64
ros-jazzy-moveit-planners-ompl	2.12.4-1noble.20260903.030938	arm64
ros-jazzy-moveit-planners-stomp	2.12.4-1noble.20260903.025335	arm64
ros-jazzy-moveit-ros-move-group	2.12.4-1noble.20260903.031707	arm64
ros-jazzy-moveit-ros-occupancy-map-monitor	2.12.4-1noble.20260903.023839	arm64
ros-jazzy-moveit-ros-planning	2.12.4-1noble.20260903.024531	arm64
ros-jazzy-moveit-ros-planning-interface	2.12.4-1noble.20260903.034516	arm64
ros-jazzy-moveit-ros-robot-interaction	2.12.4-1noble.20260903.031001	arm64
ros-jazzy-moveit-ros-visualization	2.12.4-1noble.20260907.055117	arm64
ros-jazzy-moveit-ros-warehouse	2.12.4-1noble.20260903.031005	arm64
ros-jazzy-moveit-setup-app-plugins	2.12.4-1noble.20260907.074802	arm64
ros-jazzy-moveit-setup-assistant	2.12.4-1noble.20260907.081548	arm64
ros-jazzy-moveit-setup-controllers	2.12.4-1noble.20260907.075415	arm64
ros-jazzy-moveit-setup-core-plugins	2.12.4-1noble.20260907.075411	arm64
ros-jazzy-moveit-setup-framework	2.12.4-1noble.20260907.073717	arm64
ros-jazzy-moveit-setup-srdf-plugins	2.12.4-1noble.20260907.075422	arm64
ros-jazzy-moveit-simple-controller-manager	2.12.4-1noble.20260903.024034	arm64
ros-jazzy-nav-2d-msgs	1.3.13-1noble.20260902.130043	arm64
ros-jazzy-nav-2d-utils	1.3.13-1noble.20260902.211925	arm64
ros-jazzy-nav-msgs	5.3.8-1noble.20260612.082120	arm64
ros-jazzy-nav2-amcl	1.3.13-1noble.20260902.211420	arm64
ros-jazzy-nav2-behavior-tree	1.3.13-1noble.20260902.213707	arm64
ros-jazzy-nav2-behaviors	1.3.13-1noble.20260903.005245	arm64
ros-jazzy-nav2-bringup	1.3.13-1noble.20260907.050450	arm64
ros-jazzy-nav2-bt-navigator	1.3.13-1noble.20260903.005322	arm64
ros-jazzy-nav2-collision-monitor	1.3.13-1noble.20260903.011542	arm64
ros-jazzy-nav2-common	1.3.13-1noble.20260902.193153	arm64
ros-jazzy-nav2-constrained-smoother	1.3.13-1noble.20260903.005403	arm64
ros-jazzy-nav2-controller	1.3.13-1noble.20260903.005511	arm64
ros-jazzy-nav2-core	1.3.13-1noble.20260903.004923	arm64
ros-jazzy-nav2-costmap-2d	1.3.13-1noble.20260903.003455	arm64
ros-jazzy-nav2-dwb-controller	1.3.13-1noble.20260903.013333	arm64
ros-jazzy-nav2-graceful-controller	1.3.13-1noble.20260903.005701	arm64
ros-jazzy-nav2-lifecycle-manager	1.3.13-1noble.20260902.211847	arm64
ros-jazzy-nav2-map-server	1.3.13-1noble.20260902.211425	arm64
ros-jazzy-nav2-minimal-tb3-sim	1.0.1-1noble.20260904.035529	arm64
ros-jazzy-nav2-minimal-tb4-description	1.0.1-1noble.20260902.161744	arm64
ros-jazzy-nav2-minimal-tb4-sim	1.0.1-1noble.20260904.034808	arm64
ros-jazzy-nav2-mppi-controller	1.3.13-1noble.20260903.005819	arm64
ros-jazzy-nav2-msgs	1.3.13-1noble.20260902.193503	arm64
ros-jazzy-nav2-navfn-planner	1.3.13-1noble.20260903.010003	arm64
ros-jazzy-nav2-planner	1.3.13-1noble.20260903.010032	arm64
ros-jazzy-nav2-regulated-pure-pursuit-controller	1.3.13-1noble.20260903.010337	arm64
ros-jazzy-nav2-rotation-shim-controller	1.3.13-1noble.20260903.010110	arm64
ros-jazzy-nav2-route	1.3.13-1noble.20260903.010339	arm64
ros-jazzy-nav2-rviz-plugins	1.3.13-1noble.20260907.034034	arm64
ros-jazzy-nav2-simple-commander	1.3.13-1noble.20260902.211938	arm64
ros-jazzy-nav2-smac-planner	1.3.13-1noble.20260903.010430	arm64
ros-jazzy-nav2-smoother	1.3.13-1noble.20260903.010453	arm64
ros-jazzy-nav2-theta-star-planner	1.3.13-1noble.20260903.010456	arm64
ros-jazzy-nav2-util	1.3.13-1noble.20260902.195022	arm64
ros-jazzy-nav2-velocity-smoother	1.3.13-1noble.20260902.211442	arm64
ros-jazzy-nav2-voxel-grid	1.3.13-1noble.20260902.212802	arm64
ros-jazzy-nav2-waypoint-follower	1.3.13-1noble.20260903.010656	arm64
ros-jazzy-navigation2	1.3.13-1noble.20260907.041002	arm64
ros-jazzy-object-recognition-msgs	2.0.0-5noble.20260902.135529	arm64
ros-jazzy-octomap-msgs	2.0.1-1noble.20260902.130202	arm64
ros-jazzy-omni-wheel-drive-controller	4.42.1-1noble.20260904.013853	arm64
ros-jazzy-ompl	1.7.0-2noble.20260305.224900	arm64
ros-jazzy-opennav-docking	1.3.13-1noble.20260903.010126	arm64
ros-jazzy-opennav-docking-bt	1.3.13-1noble.20260903.010825	arm64
ros-jazzy-opennav-docking-core	1.3.13-1noble.20260902.211504	arm64
ros-jazzy-orocos-kdl-vendor	0.5.2-1noble.20260603.150050	arm64
ros-jazzy-osqp-vendor	0.2.0-4noble.20260305.220107	arm64
ros-jazzy-osrf-pycommon	2.1.7-1noble.20260305.201653	arm64
ros-jazzy-pal-statistics	2.8.2-1noble.20260902.174848	arm64
ros-jazzy-pal-statistics-msgs	2.8.2-1noble.20260902.130553	arm64
ros-jazzy-parallel-gripper-controller	4.42.1-1noble.20260904.012810	arm64
ros-jazzy-parameter-traits	0.7.6-1noble.20260902.145236	arm64
ros-jazzy-pid-controller	4.42.1-1noble.20260904.013108	arm64
ros-jazzy-pilz-industrial-motion-planner	2.12.4-1noble.20260903.033343	arm64
ros-jazzy-pluginlib	5.4.5-1noble.20260604.172545	arm64
ros-jazzy-point-cloud-transport	4.0.9-1noble.20260902.180410	arm64
ros-jazzy-pose-broadcaster	4.42.1-1noble.20260904.013932	arm64
ros-jazzy-position-controllers	4.42.1-1noble.20260904.020046	arm64
ros-jazzy-pybind11-vendor	3.1.3-1noble.20260305.220146	arm64
ros-jazzy-python-cmake-module	0.11.1-2noble.20260305.220219	arm64
ros-jazzy-python-orocos-kdl-vendor	0.5.2-1noble.20260603.150415	arm64
ros-jazzy-python-qt-binding	2.2.2-1noble.20260305.205533	arm64
ros-jazzy-random-numbers	2.0.5-1noble.20260617.135326	arm64
ros-jazzy-range-sensor-broadcaster	4.42.1-1noble.20260904.013937	arm64
ros-jazzy-rcl	9.2.11-1noble.20260612.094928	arm64
ros-jazzy-rcl-action	9.2.11-1noble.20260612.095238	arm64
ros-jazzy-rcl-interfaces	2.0.4-1noble.20260612.091447	arm64
ros-jazzy-rcl-lifecycle	9.2.11-1noble.20260612.095339	arm64
ros-jazzy-rcl-logging-interface	3.1.1-1noble.20260604.171824	arm64
ros-jazzy-rcl-logging-spdlog	3.1.1-1noble.20260604.172137	arm64
ros-jazzy-rcl-yaml-param-parser	9.2.11-1noble.20260612.050815	arm64
ros-jazzy-rclcpp	28.1.21-1noble.20260612.095833	arm64
ros-jazzy-rclcpp-action	28.1.21-1noble.20260612.100837	arm64
ros-jazzy-rclcpp-components	28.1.21-1noble.20260612.102635	arm64
ros-jazzy-rclcpp-lifecycle	28.1.21-1noble.20260612.120153	arm64
ros-jazzy-rclpy	7.1.11-1noble.20260612.095634	arm64
ros-jazzy-rcpputils	2.11.4-1noble.20260603.150554	arm64
ros-jazzy-rcutils	6.7.6-1noble.20260603.150149	arm64
ros-jazzy-realsense2-camera-msgs	4.58.4-1noble.20260902.134137	arm64
ros-jazzy-realsense2-description	4.58.4-1noble.20260902.192512	arm64
ros-jazzy-realtime-tools	3.12.0-1noble.20260903.200958	arm64
ros-jazzy-resource-retriever	3.4.4-1noble.20260604.172353	arm64
ros-jazzy-rmw	7.3.3-1noble.20260612.050446	arm64
ros-jazzy-rmw-dds-common	3.1.1-1noble.20260612.091532	arm64
ros-jazzy-rmw-fastrtps-cpp	8.4.4-1noble.20260612.092346	arm64
ros-jazzy-rmw-fastrtps-shared-cpp	8.4.4-1noble.20260612.091855	arm64
ros-jazzy-rmw-implementation	2.15.6-1noble.20260612.094512	arm64
ros-jazzy-rmw-implementation-cmake	7.3.3-1noble.20260305.221018	arm64
ros-jazzy-rmw-zenoh-cpp	0.2.10-1noble.20260902.013751	arm64
ros-jazzy-robot-localization	3.8.3-1noble.20260902.170723	arm64
ros-jazzy-robot-state-publisher	3.3.4-1noble.20260614.055403	arm64
ros-jazzy-ros-base	0.11.0-1noble.20260614.091815	arm64
ros-jazzy-ros-core	0.11.0-1noble.20260612.194005	arm64
ros-jazzy-ros-environment	4.2.1-1noble.20260225.120022	arm64
ros-jazzy-ros-gz-bridge	1.0.24-1noble.20260904.011459	arm64
ros-jazzy-ros-gz-image	1.0.24-1noble.20260904.014240	arm64
ros-jazzy-ros-gz-interfaces	1.0.24-1noble.20260902.133720	arm64
ros-jazzy-ros-gz-sim	1.0.24-1noble.20260904.032840	arm64
ros-jazzy-ros-workspace	1.0.3-7noble.20260224.192101	arm64
ros-jazzy-ros2-control	4.48.0-1noble.20260904.020524	arm64
ros-jazzy-ros2-control-cmake	0.4.0-1noble.20260429.105756	arm64
ros-jazzy-ros2-control-test-assets	4.48.0-1noble.20260903.022435	arm64
ros-jazzy-ros2-controllers	4.42.1-1noble.20260904.021218	arm64
ros-jazzy-ros2action	0.32.10-1noble.20260612.162216	arm64
ros-jazzy-ros2bag	0.26.11-1noble.20260612.202425	arm64
ros-jazzy-ros2cli	0.32.10-1noble.20260612.161709	arm64
ros-jazzy-ros2cli-common-extensions	0.3.1-1noble.20260612.193901	arm64
ros-jazzy-ros2component	0.32.10-1noble.20260612.190231	arm64
ros-jazzy-ros2controlcli	4.48.0-1noble.20260904.020124	arm64
ros-jazzy-ros2doctor	0.32.10-1noble.20260612.162257	arm64
ros-jazzy-ros2interface	0.32.10-1noble.20260612.162016	arm64
ros-jazzy-ros2launch	0.26.12-1noble.20260612.190450	arm64
ros-jazzy-ros2lifecycle	0.32.10-1noble.20260612.162505	arm64
ros-jazzy-ros2multicast	0.32.10-1noble.20260612.190105	arm64
ros-jazzy-ros2node	0.32.10-1noble.20260612.162347	arm64
ros-jazzy-ros2param	0.32.10-1noble.20260612.162446	arm64
ros-jazzy-ros2pkg	0.32.10-1noble.20260612.190052	arm64
ros-jazzy-ros2plugin	5.4.5-1noble.20260612.190441	arm64
ros-jazzy-ros2run	0.32.10-1noble.20260612.190902	arm64
ros-jazzy-ros2service	0.32.10-1noble.20260612.162300	arm64
ros-jazzy-ros2topic	0.32.10-1noble.20260612.162212	arm64
ros-jazzy-rosbag2	0.26.11-1noble.20260612.202546	arm64
ros-jazzy-rosbag2-compression	0.26.11-1noble.20260612.173908	arm64
ros-jazzy-rosbag2-compression-zstd	0.26.11-1noble.20260612.202148	arm64
ros-jazzy-rosbag2-cpp	0.26.11-1noble.20260612.123737	arm64
ros-jazzy-rosbag2-interfaces	0.26.11-1noble.20260612.053417	arm64
ros-jazzy-rosbag2-py	0.26.11-1noble.20260612.175053	arm64
ros-jazzy-rosbag2-storage	0.26.11-1noble.20260612.123349	arm64
ros-jazzy-rosbag2-storage-default-plugins	0.26.11-1noble.20260612.202209	arm64
ros-jazzy-rosbag2-storage-mcap	0.26.11-1noble.20260612.173921	arm64
ros-jazzy-rosbag2-storage-sqlite3	0.26.11-1noble.20260612.174102	arm64
ros-jazzy-rosbag2-transport	0.26.11-1noble.20260612.174257	arm64
ros-jazzy-rosgraph-msgs	2.0.4-1noble.20260612.091956	arm64
ros-jazzy-rosidl-adapter	4.6.9-1noble.20260612.045318	arm64
ros-jazzy-rosidl-cli	4.6.9-1noble.20260612.045056	arm64
ros-jazzy-rosidl-cmake	4.6.9-1noble.20260612.050232	arm64
ros-jazzy-rosidl-core-generators	0.2.1-1noble.20260612.051523	arm64
ros-jazzy-rosidl-core-runtime	0.2.1-1noble.20260612.051518	arm64
ros-jazzy-rosidl-default-generators	1.6.1-1noble.20260612.052930	arm64
ros-jazzy-rosidl-default-runtime	1.6.1-1noble.20260612.052928	arm64
ros-jazzy-rosidl-dynamic-typesupport	0.1.2-3noble.20260612.050219	arm64
ros-jazzy-rosidl-dynamic-typesupport-fastrtps	0.1.0-3noble.20260612.050502	arm64
ros-jazzy-rosidl-generator-c	4.6.9-1noble.20260612.050445	arm64
ros-jazzy-rosidl-generator-cpp	4.6.9-1noble.20260612.050559	arm64
ros-jazzy-rosidl-generator-py	0.22.2-1noble.20260612.051150	arm64
ros-jazzy-rosidl-generator-rs	0.4.12-1noble.20260612.051152	arm64
ros-jazzy-rosidl-generator-type-description	4.6.9-1noble.20260612.050054	arm64
ros-jazzy-rosidl-parser	4.6.9-1noble.20260612.045834	arm64
ros-jazzy-rosidl-pycommon	4.6.9-1noble.20260612.050023	arm64
ros-jazzy-rosidl-runtime-c	4.6.9-1noble.20260612.045845	arm64
ros-jazzy-rosidl-runtime-cpp	4.6.9-1noble.20260612.050208	arm64
ros-jazzy-rosidl-runtime-py	0.13.2-1noble.20260612.050023	arm64
ros-jazzy-rosidl-typesupport-c	3.2.3-1noble.20260612.050932	arm64
ros-jazzy-rosidl-typesupport-cpp	3.2.3-1noble.20260612.051258	arm64
ros-jazzy-rosidl-typesupport-fastrtps-c	3.6.4-1noble.20260612.051041	arm64
ros-jazzy-rosidl-typesupport-fastrtps-cpp	3.6.4-1noble.20260612.050817	arm64
ros-jazzy-rosidl-typesupport-interface	4.6.9-1noble.20260612.045115	arm64
ros-jazzy-rosidl-typesupport-introspection-c	4.6.9-1noble.20260612.050703	arm64
ros-jazzy-rosidl-typesupport-introspection-cpp	4.6.9-1noble.20260612.050922	arm64
ros-jazzy-rpyutils	0.4.2-1noble.20260305.205337	arm64
ros-jazzy-rsl	1.3.0-1noble.20260902.144906	arm64
ros-jazzy-ruckig	0.9.2-5noble.20260305.203224	arm64
ros-jazzy-rviz-assimp-vendor	14.1.23-1noble.20260715.124532	arm64
ros-jazzy-rviz-common	14.1.23-1noble.20260902.235733	arm64
ros-jazzy-rviz-default-plugins	14.1.23-1noble.20260905.075750	arm64
ros-jazzy-rviz-ogre-vendor	14.1.23-1noble.20260716.102159	arm64
ros-jazzy-rviz-rendering	14.1.23-1noble.20260716.184836	arm64
ros-jazzy-rviz2	14.1.23-1noble.20260907.034615	arm64
ros-jazzy-sdformat-urdf	1.0.2-1noble.20260904.010733	arm64
ros-jazzy-sdformat-vendor	0.0.14-1noble.20260904.005216	arm64
ros-jazzy-sensor-msgs	5.3.8-1noble.20260612.082718	arm64
ros-jazzy-sensor-msgs-py	5.3.8-1noble.20260612.091811	arm64
ros-jazzy-service-msgs	2.0.4-1noble.20260612.052205	arm64
ros-jazzy-shape-msgs	5.3.8-1noble.20260612.085104	arm64
ros-jazzy-simulation-interfaces	1.5.1-1noble.20260902.133632	arm64
ros-jazzy-slam-toolbox	2.8.5-1noble.20260907.044142	arm64
ros-jazzy-smclib	4.2.0-1noble.20260317.155426	arm64
ros-jazzy-spdlog-vendor	1.6.2-1noble.20260603.151440	arm64
ros-jazzy-sqlite3-vendor	0.26.11-1noble.20260604.090944	arm64
ros-jazzy-srdfdom	2.0.7-1noble.20260903.020607	arm64
ros-jazzy-sros2	0.13.6-1noble.20260612.162423	arm64
ros-jazzy-sros2-cmake	0.13.6-1noble.20260612.190641	arm64
ros-jazzy-state-interfaces-broadcaster	4.42.1-1noble.20260904.014000	arm64
ros-jazzy-statistics-msgs	2.0.4-1noble.20260612.053420	arm64
ros-jazzy-std-msgs	5.3.8-1noble.20260612.053429	arm64
ros-jazzy-std-srvs	5.3.8-1noble.20260612.090547	arm64
ros-jazzy-steering-controllers-library	4.42.1-1noble.20260904.014015	arm64
ros-jazzy-stereo-msgs	5.3.8-1noble.20260612.084934	arm64
ros-jazzy-stomp	0.1.2-4noble.20260825.203128	arm64
ros-jazzy-tcb-span	1.3.2-1noble.20260618.161441	arm64
ros-jazzy-tf2	0.36.21-1noble.20260612.080352	arm64
ros-jazzy-tf2-bullet	0.36.21-1noble.20260614.055818	arm64
ros-jazzy-tf2-eigen	0.36.21-1noble.20260614.055857	arm64
ros-jazzy-tf2-eigen-kdl	0.36.21-1noble.20260612.093812	arm64
ros-jazzy-tf2-geometry-msgs	0.36.21-1noble.20260614.055959	arm64
ros-jazzy-tf2-kdl	0.36.21-1noble.20260614.060020	arm64
ros-jazzy-tf2-msgs	0.36.21-1noble.20260612.082742	arm64
ros-jazzy-tf2-py	0.36.21-1noble.20260612.100533	arm64
ros-jazzy-tf2-ros	0.36.21-1noble.20260614.051508	arm64
ros-jazzy-tf2-ros-py	0.36.21-1noble.20260612.100802	arm64
ros-jazzy-tf2-sensor-msgs	0.36.21-1noble.20260614.060022	arm64
ros-jazzy-tf2-tools	0.36.21-1noble.20260612.154248	arm64
ros-jazzy-theora-image-transport	4.0.7-1noble.20260902.190120	arm64
ros-jazzy-tinyxml2-vendor	0.9.2-1noble.20260305.223118	arm64
ros-jazzy-tl-expected	1.3.2-1noble.20260618.161523	arm64
ros-jazzy-tracetools	8.2.6-1noble.20260604.091022	arm64
ros-jazzy-trajectory-msgs	5.3.8-1noble.20260612.082940	arm64
ros-jazzy-transmission-interface	4.48.0-1noble.20260904.015554	arm64
ros-jazzy-tricycle-controller	4.42.1-1noble.20260904.014046	arm64
ros-jazzy-tricycle-steering-controller	4.42.1-1noble.20260904.020244	arm64
ros-jazzy-type-description-interfaces	2.0.4-1noble.20260612.052559	arm64
ros-jazzy-uncrustify-vendor	3.0.1-1noble.20260305.223611	arm64
ros-jazzy-unique-identifier-msgs	2.5.1-1noble.20260612.051815	arm64
ros-jazzy-urdf	2.10.1-2noble.20260604.174740	arm64
ros-jazzy-urdf-parser-plugin	2.10.1-2noble.20260604.092949	arm64
ros-jazzy-urdfdom	4.0.2-1noble.20260604.093156	arm64
ros-jazzy-urdfdom-headers	1.1.3-1noble.20260604.092803	arm64
ros-jazzy-urdfdom-py	1.2.1-3noble.20260902.193357	arm64
ros-jazzy-velocity-controllers	4.42.1-1noble.20260904.020051	arm64
ros-jazzy-vision-msgs	4.1.1-3noble.20260902.130446	arm64
ros-jazzy-visualization-msgs	5.3.8-1noble.20260612.083755	arm64
ros-jazzy-warehouse-ros	2.0.9-1noble.20260902.170551	arm64
ros-jazzy-warehouse-ros-sqlite	1.0.9-1noble.20260902.172357	arm64
ros-jazzy-xacro	2.1.1-1noble.20260519.011649	arm64
ros-jazzy-yaml-cpp-vendor	9.0.1-1noble.20260305.224129	arm64
ros-jazzy-zenoh-cpp-vendor	0.2.10-1noble.20260722.215603	arm64
ros-jazzy-zstd-image-transport	4.0.7-1noble.20260902.185705	arm64
ros-jazzy-zstd-vendor	0.26.11-1noble.20260604.092801	arm64
ros2-apt-source	1.2.0~noble	all
rpcsvc-proto	1.4.2-0ubuntu7	arm64
ruby	1:3.2~ubuntu1	arm64
ruby-net-telnet	0.2.0-1	all
ruby-rubygems	3.4.20-1	all
ruby-sdbm	1.0.0-5build4	arm64
ruby-webrick	1.8.1-1ubuntu0.2	all
ruby-xmlrpc	0.3.2-2	all
ruby3.2	3.2.3-1ubuntu0.24.04.8	arm64
rubygems-integration	1.18	all
sed	4.9-2ubuntu0.24.04.1	arm64
sensible-utils	0.0.22	all
session-migration	0.3.9build1	arm64
sgml-base	1.31	all
shared-mime-info	2.4-4	arm64
shiboken2	5.15.13-1	arm64
sip-dev	4.19.25+dfsg-5build3	arm64
spirv-headers	1.6.1+1.4.309.0-1~ubuntu0.24.04.2	all
spirv-tools	2025.1~rc1-1~ubuntu0.24.04.2	arm64
sudo	1.9.15p5-3ubuntu5.24.04.2	arm64
systemd	255.4-1ubuntu8.17	arm64
systemd-dev	255.4-1ubuntu8.17	all
systemd-hwe-hwdb	255.1.7	all
systemd-resolved	255.4-1ubuntu8.17	arm64
systemd-sysv	255.4-1ubuntu8.17	arm64
systemd-timesyncd	255.4-1ubuntu8.17	arm64
sysvinit-utils	3.08-6ubuntu3	arm64
tar	1.35+dfsg-3ubuntu0.4	arm64
tcl	8.6.14build1	arm64
tcl8.6	8.6.14+dfsg-1build1	arm64
tk8.6-blt2.5	2.5.3+dfsg-7build1	arm64
tzdata	2026c-0ubuntu0.24.04.1	all
ubuntu-keyring	2023.11.28.1	all
ubuntu-mono	24.04-0ubuntu1	all
ucf	3.0043+nmu1	all
udev	255.4-1ubuntu8.17	arm64
uncrustify	0.78.1+dfsg1-1	arm64
unicode-data	15.1.0-1	all
unixodbc-common	2.3.12-1ubuntu0.24.04.1	all
unixodbc-dev	2.3.12-1ubuntu0.24.04.1	arm64
unminimize	0.2.1	arm64
unzip	6.0-28ubuntu4.1	arm64
usb-modeswitch	2.6.1-3ubuntu3	arm64
usb-modeswitch-data	20191128-6	all
util-linux	2.39.3-9ubuntu6.6	arm64
uuid-dev	2.39.3-9ubuntu6.6	arm64
va-driver-all	2.20.0-2ubuntu0.2	arm64
vdpau-driver-all	1.5-2build1	arm64
wpasupplicant	2:2.10-21ubuntu0.4	arm64
x11-common	1:7.7+23ubuntu3	all
x11proto-dev	2023.2-1	all
xauth	1:1.1.2-1build1	arm64
xfonts-encodings	1:1.0.5-0ubuntu2	all
xfonts-utils	1:7.7+6build3	arm64
xkb-data	2.41-2ubuntu1.1	all
xml-core	0.19	all
xorg-sgml-doctools	1:1.11-1.1	all
xtl-dev	0.7.5-3	all
xtrans-dev	1.4.0-1	all
xz-utils	5.6.1+really5.4.5-1ubuntu0.3	arm64
zip	3.0-13ubuntu0.2	arm64
zlib1g	1:1.3.dfsg-3.1ubuntu2.2	arm64
zlib1g-dev	1:1.3.dfsg-3.1ubuntu2.2	arm64
